790,643,493,367,259,178,89,33,79,199,356,533,714,817,928,970,915,796,617,421
809,908,976,867,698,511,397,231,102,15,43,167,308,512,694,790,877,927,899,813
905,798,619,456,335,174,70,32,131,289,496,660,780,876,935,945,906,819,695,543
809,979,904,804,671,498,318,172,70,14,70,183,385,563,706,823,927,964,951,895
897,819,646,438,221,122,151,229,335,498,675,754,770,737,649,521,362,211,90,29
1008,860,682,490,297,152,71,28,88,223,413,607,791,924,958,915,823,655,461,272
874,775,650,492,318,136,15,50,168,324,479,652,763,874,896,888,802,637,430,232
885,797,620,417,198,47,104,257,488,683,816,909,930,881,778,643,485,315,154,38
817,699,550,464,402,396,457,586,736,925,1013,1016,1092,1044,888,695,468,231,39,19
815,687,563,421,318,186,64,-31,-142,-240,-366,-488,-556,-675,-817,-939,-984,-944,-854,-736
724,660,716,868,976,969,921,866,783,616,465,358,282,190,83,9,57,160,333,534
827,760,588,414,204,104,70,198,406,606,775,876,903,858,752,595,411,227,87,32
818,695,588,509,463,452,547,682,811,898,892,860,834,847,854,821,783,738,679,676
886,799,644,438,213,97,55,179,371,538,719,815,901,918,881,773,583,400,224,106
883,792,587,457,389,186,39,172,291,536,718,811,927,986,901,842,638,427,304,32
882,754,617,491,399,404,513,696,904,926,834,745,611,431,230,126,80,112,210,365
853,788,622,432,258,129,18,54,147,296,479,690,840,938,959,906,812,635,451,262
907,808,697,582,465,358,267,196,159,140,183,302,445,611,756,899,974,993,975,938
837,665,475,270,134,54,9,40,150,332,522,699,844,935,968,930,817,623,438,267
848,697,481,270,150,50,80,191,350,548,722,831,929,910,799,602,431,262,135,47
749,603,354,198,102,43,133,307,512,724,825,942,976,926,823,646,432,241,119,63
787,692,605,525,474,493,557,667,805,929,1000,1000,932,822,680,532,402,315,273,284
823,723,626,532,440,351,265,182,102,25,51,80,112,147,185,226,270,317,367,420
525,586,724,874,904,873,722,537,342,184,78,29,86,215,412,570,658,743,783,787
930,852,781,624,408,253,136,30,69,165,267,440,600,744,886,958,926,818,649,452
874,831,700,577,471,389,316,252,196,145,98,55,17,0,7,29,64,112,171,239
945,831,765,598,407,206,57,197,308,487,639,802,926,944,917,849,731,660,487,366
858,739,580,379,187,42,65,194,377,557,723,839,906,925,889,802,676,528,376,237
853,742,566,350,199,103,57,77,180,364,517,644,736,799,844,862,854,822,770,702
773,671,511,344,248,197,183,219,304,430,584,737,848,907,892,819,697,552,409,293
859,766,596,442,278,132,39,58,175,314,489,682,812,928,912,792,612,463,397,336
980,877,732,568,399,247,143,88,92,163,293,472,651,786,870,886,835,725,567,378
663,851,989,924,818,658,428,214,70,17,55,176,351,560,686,800,886,894,839,728
954,881,687,489,296,161,47,26,127,307,482,686,814,931,982,940,828,659,458,261
944,878,776,663,513,348,216,123,85,118,213,365,555,725,817,858,846,791,703,594
960,848,722,547,346,152,67,25,63,174,342,513,687,820,925,967,895,753,580,384
688,830,935,936,911,850,736,580,388,181,23,54,121,223,360,534,726,897,1000,997
798,612,393,225,108,25,87,169,354,575,691,760,924,912,850,667,437,281,142,33
823,947,978,904,827,644,425,245,117,38,75,141,289,493,701,853,971,906,841,667
968,848,740,597,405,256,137,45,8,43,126,297,463,620,766,900,944,881,779,619
944,881,771,612,426,235,141,76,35,65,145,272,456,670,804,917,979,943,837,660
921,831,694,517,348,215,129,85,65,94,175,312,509,721,841,954,927,812,677,471
823,747,618,430,229,126,70,23,64,183,309,511,658,774,849,905,912,872,795,692
836,683,533,430,364,329,402,611,846,1044,1167,1162,1043,858,694,568,486,449,452,494
791,652,509,411,373,375,513,678,911,41,111,120,40,246,519,830,926,833,655,432
988,858,747,650,611,691,858,1042,1155,1184,1059,818,521,227,66,19,78,242,495,828
829,653,460,289,173,113,69,30,124,287,476,671,842,946,935,851,718,555,385,225
770,620,431,228,112,58,78,198,377,544,714,855,930,948,910,813,669,487,277,69
573,399,243,135,68,53,183,346,515,703,873,941,889,801,679,475,318,175,91,71
782,646,482,294,157,75,100,202,397,592,734,803,777,669,510,340,182,53,16,91
560,420,279,166,94,75,122,246,444,591,707,798,875,927,951,946,912,839,719,553
767,712,509,289,134,23,138,346,541,715,846,928,954,925,839,700,510,295,159,8
646,503,368,259,178,131,132,173,253,359,487,626,755,858,917,910,829,687,531,393
738,581,450,371,352,388,500,665,854,1009,1112,1128,1097,1192,1337,1516,1713,1902,2043,2091
781,649,503,349,192,56,25,143,282,446,641,834,952,1013,974,847,689,495,276,135
759,567,428,325,256,207,176,161,162,179,212,259,318,387,464,546,627,702,768,822
781,639,444,236,113,31,68,190,352,540,734,863,931,943,902,810,679,512,316,159
778,641,437,266,126,63,80,195,399,586,747,861,910,886,799,665,479,288,153,68
753,702,690,727,727,686,625,544,443,322,181,20,45,142,315,562,799,971,1036,1002
742,593,397,180,97,124,287,441,626,819,947,973,904,768,574,346,159,77,97,205
885,761,609,420,214,111,84,154,334,541,713,827,849,775,633,446,258,108,36,62
745,584,418,251,118,60,168,293,481,643,789,879,906,861,751,581,409,234,100,71
814,693,570,447,324,201,78,-45,-168,-291,-414,-537,-660,-783,-906,-1029,-1152,-1275,-1398,-1521
826,703,556,390,211,80,76,201,372,571,781,960,972,876,744,616,415,243,108,9
719,506,367,262,194,153,138,149,186,259,366,507,680,884,1119,1384,1668,1971,2292,2631
781,613,426,245,107,63,104,234,425,625,810,939,987,942,825,660,450,249,122,78
754,602,414,200,95,73,201,364,550,756,929,992,912,801,667,487,278,168,57,46
804,652,428,211,108,136,300,477,680,865,951,962,924,842,716,536,315,153,53,39
747,580,425,304,216,157,198,377,522,638,717,765,797,824,855,890,928,966,997,1006
810,703,625,576,554,570,624,716,846,1014,1210,1434,1686,1976,2304,2669,3071,3510,3986,4499
765,642,459,247,109,76,160,320,529,703,814,850,818,722,579,398,200,94,47,91
734,604,436,246,145,185,260,408,605,786,892,871,742,597,424,237,104,72,151,310
964,785,644,539,469,567,636,689,796,877,925,937,916,860,757,619,438,233,106,61
807,678,604,625,726,845,928,953,907,793,643,460,247,121,88,151,289,466,660,827
780,625,427,221,120,62,63,196,373,589,811,960,1026,1019,962,860,720,550,359,157
766,608,448,349,282,248,247,277,330,389,429,432,400,338,268,195,139,121,149,212
802,654,469,261,118,50,37,165,330,498,697,849,951,978,905,764,579,372,198,87
818,757,686,626,577,548,539,550,581,632,703,794,905,936,882,739,527,266,24,124
810,745,650,541,436,346,286,225,155,93,45,18,22,97,182,312,452,625,768,879
550,515,464,383,282,190,126,98,135,238,385,556,739,905,1026,1083,1070,996,875,721
813,707,582,420,231,126,107,186,344,542,732,847,898,871,781,648,487,306,124,61
790,686,539,362,191,82,107,226,422,608,730,785,765,674,521,348,185,77,108,229
954,772,628,424,274,156,72,28,132,284,450,650,817,933,961,898,752,570,374,238
751,613,389,186,71,91,237,401,602,786,891,906,832,702,537,347,172,85,103,218
773,642,523,423,342,282,243,218,205,204,215,238,273,320,379,450,533,628,735,854
773,646,498,333,166,19,45,181,365,498,679,816,908,946,894,778,616,415,197,78
829,675,524,376,231,89,52,121,288,461,644,831,1014,1189,1362,1531,1694,1851,2002,2147
824,731,590,410,235,111,43,63,198,351,523,704,893,976,998,957,861,720,536,332
811,674,533,399,287,189,104,45,4,3,94,197,290,374,438,478,508,530,546,612
910,781,597,468,351,236,122,33,42,91,236,404,581,753,883,956,992,994,976,945
818,723,589,456,345,278,214,157,102,56,16,51,142,273,435,628,804,903,952,953
858,769,617,428,242,128,83,110,160,275,452,664,848,956,979,918,779,594,389,186
922,812,644,413,257,118,61,103,215,353,462,538,543,470,339,180,31,23,160,295
845,738,635,552,485,368,259,134,9,10,59,155,300,482,657,785,862,901,917,918
831,645,595,802,959,905,828,729,491,297,174,59,24,96,267,479,642,788,910,975
751,613,480,258,116,13,55,154,275,456,652,814,933,981,907,782,619,401,174,52
933,884,747,523,280,106,33,51,146,294,487,705,850,935,955,910,801,630,413,176
831,698,547,309,172,72,74,191,313,518,698,866,926,926,876,769,592,441,211,72
839,698,548,452,395,348,302,260,224,193,167,145,127,112,99,88,79,71,64,58
718,593,373,215,72,30,62,178,298,496,714,862,947,939,894,806,596,450,207,65
767,617,447,258,120,82,71,180,355,544,741,870,937,933,863,736,551,396,171,47
788,622,388,252,73,38,26,121,327,507,682,852,963,975,928,779,611,443,224,92
712,513,375,202,104,199,292,404,581,759,885,932,900,791,645,429,223,76,39,58
930,906,803,632,406,203,92,50,173,310,486,656,784,869,911,911,870,783,638,456
894,786,635,399,201,86,43,103,261,477,645,759,807,784,701,571,406,239,114,119
877,780,609,412,198,91,68,135,287,463,644,799,894,930,924,886,792,640,435,202
970,945,848,683,464,221,85,56,31,150,250,435,591,717,812,879,916,925,905,855
844,768,602,368,232,153,118,193,399,579,754,904,968,934,822,656,422,286,207,172
829,932,955,918,796,628,406,263,127,35,10,42,129,318,520,722,873,918,874,768
396,308,154,43,15,105,246,472,686,860,948,943,856,713,529,338,136,62,110,223
616,421,308,271,244,217,174,121,59,25,67,197,332,466,612,783,920,989,969,847
132,32,11,3,210,342,561,772,867,900,855,735,554,326,124,81,6,53,147,269
783,611,457,328,265,152,77,41,37,170,311,482,639,805,910,923,915,897,802,645
824,763,654,503,317,121,37,20,67,152,151,123,59,55,146,245,405,575,731,845
750,604,497,479,504,561,666,822,961,988,950,839,667,451,249,85,56,101,226,424
777,636,488,314,160,48,10,64,165,346,545,696,792,899,929,830,681,473,248,104
733,635,464,313,158,75,49,106,190,250,388,504,582,678,741,742,684,571,421,254
819,651,496,391,353,445,641,784,875,900,865,787,671,532,366,201,97,54,153,318
731,621,534,452,370,281,199,117,36,136,259,376,489,596,699,798,893,984,1071,1154
876,747,595,424,243,39,17,111,320,495,642,758,846,906,937,931,888,809,702,575
560,718,829,914,944,912,821,662,456,315,140,59,35,99,267,448,622,797,909,967
787,634,408,264,137,39,59,195,361,564,776,913,934,898,813,648,414,269,133,54
812,706,579,446,304,168,84,108,220,404,535,670,719,757,782,792,785,761,659,502
738,545,303,118,47,19,109,245,424,624,809,934,977,958,881,755,593,400,193,76
820,736,648,547,425,242,116,79,41,2,201,398,582,749,897,957,934,857,717,534
878,742,555,388,282,177,90,41,15,9,47,157,347,557,767,887,921,879,764,588
667,481,354,250,92,36,19,107,305,478,671,829,912,911,843,720,554,363,159,69
929,815,594,464,231,92,47,36,163,302,490,667,805,901,945,927,867,757,618,394
875,772,611,444,224,84,40,75,193,348,516,677,807,890,918,897,830,736,625,509
898,780,625,47,38,9,152,307,477,605,694,707,648,529,358,151,43,17,63,173
891,805,596,360,139,84,146,318,512,716,860,950,980,937,828,654,433,199,91,38
844,690,507,345,223,161,133,139,179,244,323,395,426,404,335,232,122,72,81,173
728,576,389,211,88,41,109,269,444,617,769,878,940,955,923,845,721,557,363,160
747,647,537,420,315,212,111,12,97,193,293,397,504,614,727,843,962,884,817,753
919,775,579,435,203,70,33,99,210,399,597,771,876,916,901,833,620,423,215,87
794,623,444,234,117,29,48,125,325,481,686,815,921,945,919,845,706,572,340,206
926,849,730,562,361,93,10,5,83,225,447,651,806,903,929,874,753,568,346,104
924,797,605,458,265,102,45,76,179,312,495,672,826,938,996,977,862,684,466,261
931,889,792,587,433,214,87,42,98,65,14,159,281,499,660,822,926,962,914,795
839,759,681,547,406,267,154,89,133,369,538,698,817,898,946,940,891,798,648,444
894,753,598,417,236,127,65,21,92,249,436,635,823,968,993,963,880,748,577,378
886,776,587,389,225,98,42,108,270,464,655,826,924,912,847,737,576,384,213,96
739,532,371,222,109,79,75,140,254,411,594,779,920,946,885,766,598,403,205,99
818,632,408,278,69,34,64,171,313,526,706,867,960,978,930,830,617,410,181,48
744,595,424,193,57,30,117,338,529,704,860,954,956,913,803,640,395,245,105,72
830,719,591,456,333,238,125,57,46,104,276,390,469,486,438,325,183,60,21,47
874,778,603,438,201,60,35,111,315,496,673,841,948,964,924,848,728,562,347,119
957,835,697,501,345,212,102,39,23,124,354,559,734,860,939,949,905,822,664,456
759,575,390,244,148,74,26,174,342,526,687,794,835,805,705,545,355,181,58,47
935,895,803,628,384,251,124,68,35,12,99,217,346,566,735,824,869,862,808,700
905,793,641,519,422,360,341,362,419,500,587,670,745,797,817,798,745,666,573,483
691,820,916,950,935,855,696,476,260,157,109,117,181,302,467,661,849,989,1022,981
832,794,678,504,317,135,70,24,112,293,481,660,824,925,954,909,796,620,398,229
858,727,572,357,151,11,13,114,321,504,686,876,975,998,959,864,715,511,359,155
796,559,393,198,65,91,221,301,523,695,851,928,936,894,800,578,430,189,54,23
876,788,642,464,258,123,58,32,89,217,407,575,737,863,940,982,989,962,901,808
788,706,571,496,397,393,317,186,125,78,43,19,68,219,428,579,796,922,979,983
802,681,546,386,200,1,201,396,569,718,840,932,989,1006,982,918,815,674,498,293
906,810,655,453,240,103,98,199,400,596,785,913,979,954,830,627,376,176,85,171
850,741,577,409,184,69,37,97,194,334,563,681,836,917,987,965,840,680,420,208
824,787,664,505,346,211,118,44,11,24,157,298,467,653,800,898,949,952,919,822
802,759,642,456,319,169,100,85,127,234,375,512,615,658,623,500,306,116,68,78
933,870,756,624,457,293,183,130,155,258,425,635,836,955,972,882,721,531,346,193
986,942,859,732,563,380,199,36,24,196,321,501,678,826,922,959,921,824,598,462
888,802,675,526,391,273,198,188,249,377,552,748,884,948,934,845,688,481,255,60
891,769,535,301,153,77,119,327,505,668,835,950,940,899,791,587,366,141,53,46
811,629,470,333,218,125,54,7,182,366,534,675,789,876,936,969,975,954,906,831
906,803,619,452,226,94,50,202,349,560,735,853,906,892,820,624,468,287,143,61
777,624,481,327,186,64,42,137,318,504,664,808,933,953,884,746,549,390,170,34
737,675,506,303,132,138,207,320,472,642,788,888,929,900,811,685,534,379,244,153
659,422,178,100,40,138,380,589,740,873,961,981,935,823,635,397,257,119,34,21
923,869,760,578,423,201,69,38,102,300,499,721,868,956,992,964,876,724,509,296
972,883,770,653,535,427,323,224,146,78,41,18,1,80,208,403,575,734,870,959
826,732,595,417,305,173,49,16,71,193,387,571,740,869,944,944,880,764,607,423
933,887,789,615,422,236,120,11,80,235,386,590,713,847,918,916,884,797,668,486
887,777,622,412,275,101,55,29,102,327,497,602,716,794,881,957,981,941,834,667
416,314,195,82,52,149,346,523,677,787,839,827,770,679,561,430,305,193,103,46
739,577,409,173,77,22,37,159,296,506,678,860,967,937,888,781,613,383,244,108
881,751,614,476,357,205,87,37,78,196,384,552,674,750,736,635,492,326,166,49
913,763,611,384,262,151,289,394,513,769,843,913,898,839,746,592,355,243,150,46
785,637,451,301,106,61,46,93,197,368,513,616,645,617,524,393,239,115,27,3
668,677,675,543,507,422,347,293,201,197,158,121,83,47,79,97,112,123,149,195
822,648,480,324,192,106,92,167,292,440,590,724,843,938,993,989,877,741,592,439
781,601,429,241,43,26,43,169,327,507,705,837,908,923,898,834,737,612,473,328
689,834,945,946,903,787,619,415,265,99,46,18,146,299,457,709,829,931,954,910
860,679,527,388,270,173,97,42,6,1,27,124,271,449,648,847,985,963,916,827
557,395,232,113,41,6,81,264,419,621,778,919,924,907,790,653,461,320,173,45
730,568,408,223,97,69,115,268,432,590,731,841,918,953,947,900,810,679,522,362
792,634,489,383,319,278,246,213,178,140,102,64,26,25,94,173,272,391,530,689
669,650,445,259,97,41,131,300,460,679,838,946,952,874,775,655,489,281,105,7
854,717,550,356,163,33,71,195,358,547,689,817,894,848,697,518,344,199,80,135
763,584,436,238,127,53,145,316,456,605,727,814,882,917,917,880,809,712,598,476
648,512,382,256,134,16,100,200,304,412,524,640,760,884,722,566,416,270,128,10
716,552,405,245,124,192,346,509,689,841,942,954,898,789,630,428,272,165,103,178
504,721,873,955,962,911,802,635,428,279,121,63,41,107,246,414,617,765,856,908
894,716,580,394,259,136,121,208,376,519,681,829,937,917,875,801,667,500,311,135
882,714,533,332,166,40,130,273,439,621,804,931,905,795,609,413,216,82,20,150
701,546,440,283,181,103,78,139,380,478,634,730,875,963,932,932,976,883,724,547
858,710,546,391,256,143,79,57,77,150,276,431,606,781,918,989,994,990,933,856
844,730,586,411,218,29,72,186,386,578,734,854,917,922,868,757,595,394,198,45
790,617,452,259,124,58,11,100,253,414,579,717,856,964,945,934,957,782,631,469
542,673,771,838,864,860,813,723,600,448,282,124,80,142,252,398,571,743,892,992
798,734,585,376,255,171,50,25,15,55,214,351,525,700,845,904,970,938,772,606
791,629,394,193,106,239,438,605,730,811,843,830,775,684,565,426,275,118,61,24
899,699,532,343,201,97,42,134,343,565,764,898,903,741,552,336,120,19,46,199
927,783,614,441,279,91,54,172,320,501,703,836,931,980,887,739,576,416,232,113
902,791,592,401,234,93,27,146,321,509,701,841,937,982,873,715,524,393,264,161
696,832,932,934,884,774,600,402,223,92,38,107,248,400,572,745,829,913,961,906
781,603,442,265,98,55,130,269,432,629,739,792,828,730,595,433,266,144,54,74
976,598,441,232,118,45,154,292,450,624,785,901,954,894,772,609,440,262,78,52
840,712,552,383,212,46,33,156,305,490,709,830,912,957,871,713,556,396,230,59
689,834,945,946,903,787,619,415,265,99,46,18,146,299,457,709,829,931,954,910
785,642,459,288,141,25,136,273,437,626,772,891,959,986,926,783,603,412,228,73
780,610,422,220,97,78,145,282,436,625,790,918,988,975,864,693,520,349,168,32
758,584,407,218,109,45,121,286,474,684,844,936,963,910,776,580,401,210,101,39
696,817,904,946,935,895,790,624,402,235,122,110,124,231,414,683,913,994,955,889
899,916,852,726,543,342,160,39,19,124,252,409,601,784,930,985,869,697,497,288
842,654,524,290,145,141,181,283,482,667,801,927,932,791,680,493,307,135,9,23
768,597,423,248,77,82,182,342,529,720,824,900,936,813,637,447,263,60,55,156
847,675,524,345,196,91,74,147,281,442,600,741,867,964,925,825,666,456,204,13
749,592,432,239,128,109,90,65,48,41,113,276,447,644,789,881,867,792,661,483
843,675,460,293,98,61,107,261,447,652,815,924,967,932,825,661,450,234,93,57
687,832,942,942,899,785,619,424,267,126,41,1,129,284,445,703,823,928,952,902
836,673,522,413,348,330,358,431,543,676,796,870,876,813,691,529,343,161,10,29
625,500,389,303,342,483,663,835,938,946,898,795,650,481,315,186,217,355,503,650
436,301,153,238,485,644,771,844,877,873,831,753,647,523,392,280,222,219,274,383
746,658,506,348,183,32,8,50,177,371,569,737,858,934,956,836,676,490,293,105
799,621,440,261,98,6,61,223,412,619,817,923,934,860,704,492,320,167,47,2
776,615,460,306,163,34,53,191,336,482,662,824,932,957,936,792,625,455,270,90
883,710,526,340,174,32,56,216,414,606,745,888,796,619,451,263,64,40,125,331
652,736,860,914,936,889,788,636,443,273,124,74,41,96,201,371,540,694,827,904
830,905,954,880,721,582,409,233,55,57,181,327,493,681,833,931,936,761,606,403
633,469,319,174,48,29,24,54,194,346,532,734,856,927,924,840,689,482,277,110
738,559,410,256,161,105,83,106,172,310,494,664,815,933,993,986,922,807,648,458
706,526,333,166,56,40,60,206,379,563,741,877,940,911,811,644,459,271,91,19
542,647,753,862,972,980,935,838,701,536,360,227,138,72,166,307,461,628,788,896
786,615,453,270,87,77,194,333,489,662,829,907,920,838,682,529,370,204,44,43
672,508,374,268,203,198,250,367,486,620,753,870,952,991,962,866,722,552,384,231
792,627,484,390,360,620,785,913,994,968,947,950,908,807,668,511,369,263,212,246
692,525,370,270,223,226,302,446,585,690,755,719,571,368,145,50,60,213,397,576
989,995,969,918,820,662,466,255,97,29,2,98,213,389,579,737,868,925,898,819
827,663,475,242,111,53,135,270,440,598,767,893,974,940,813,670,520,371,218,64
898,700,621,585,577,589,601,614,618,603,571,524,470,416,367,331,321,336,362,400
783,619,443,269,97,40,19,139,292,448,715,828,927,951,917,792,617,442,266,90
822,666,536,434,365,321,299,295,305,327,359,398,439,476,507,529,537,527,497,447
689,834,945,946,903,787,619,415,265,99,46,18,146,299,457,709,829,931,954,910
768,632,470,318,142,57,29,138,295,468,669,851,952,972,903,775,610,416,218,82
544,672,717,737,720,682,621,545,463,392,342,307,297,319,358,413,481,558,640,725
642,500,346,169,78,3,95,236,418,639,793,903,973,997,940,814,639,428,213,27
661,493,335,220,94,6,44,190,346,481,622,737,816,878,811,700,525,349,166,35
773,616,472,347,239,153,78,20,215,363,551,737,832,899,919,823,809,748,626,457
750,588,425,237,117,17,34,162,308,511,686,833,934,891,759,608,443,255,103,2
787,619,415,265,99,46,18,146,299,457,709,829,931,954,910,788,617,445,267,72
964,790,640,512,411,343,309,307,337,397,485,590,698,785,825,827,791,740,713,742
849,672,490,316,148,7,27,148,297,463,641,804,926,941,842,680,499,317,159,2
799,625,468,313,179,65,221,393,570,738,876,984,953,857,725,562,375,214,108,44
780,611,437,256,82,19,123,274,431,604,789,915,918,775,605,429,250,72,23,124
864,709,582,448,317,201,101,23,20,92,238,411,605,802,936,869,725,608,526,480
737,549,404,293,292,335,451,619,823,973,1039,1092,1120,992,839,681,429,309,207,184
782,622,446,269,94,34,164,323,499,679,856,959,942,996,808,627,443,275,113,7
714,578,396,202,126,126,198,378,562,720,833,902,928,922,848,713,527,320,140,39
782,607,441,259,68,42,82,232,404,593,779,872,927,946,933,897,853,810,770,737
728,618,442,238,91,39,167,303,470,656,795,920,943,919,784,622,423,217,79,37
763,602,465,390,366,445,625,824,914,877,801,712,640,581,543,539,557,595,648,710
619,415,265,99,46,18,146,299,457,709,829,931,954,910,788,617,445,267,72,55
965,847,707,512,324,130,85,12,19,157,263,451,601,724,802,925,998,885,794,607
692,790,829,819,780,680,564,426,265,112,47,68,158,305,487,671,817,881,929,898
868,762,645,538,445,367,315,294,309,358,437,539,647,747,818,836,788,684,536,363
555,670,776,873,968,887,805,722,629,526,423,320,217,114,11,108,205,302,399,496
998,914,833,759,600,495,363,171,37,27,216,327,511,740,843,933,962,876,712,539
844,696,548,400,252,104,44,89,234,379,524,669,814,959,904,849,794,739,684,629
982,891,752,559,384,191,66,31,98,194,330,507,652,782,859,915,924,881,778,624
857,720,543,334,194,109,112,233,417,633,785,864,907,874,766,603,408,197,30,95
899,797,689,572,442,294,140,37,9,89,177,275,383,504,631,761,868,946,1008,1033
919,832,720,537,382,189,66,32,136,286,475,720,878,951,946,832,656,472,244,64
873,799,686,492,313,161,76,20,0,18,91,202,376,539,654,775,898,957,966,935
869,751,519,301,115,24,140,379,590,751,841,838,736,549,355,165,18,64,225,506
752,690,587,480,384,259,127,26,61,166,294,381,403,418,524,677,779,881,922,944
950,859,737,570,366,157,72,0,65,128,230,404,595,787,823,887,823,738,622,468
974,871,744,600,413,265,153,75,46,25,105,248,434,661,805,884,873,779,617,405
990,860,786,635,496,346,203,96,8,143,322,492,655,813,891,967,868,750,648,461
900,802,717,517,357,142,18,110,298,516,648,758,815,756,678,620,525,359,160,45
660,786,920,969,919,803,626,405,185,92,28,76,197,364,582,776,922,1000,907,756
727,826,892,974,905,799,641,443,293,126,12,57,150,271,449,632,740,872,905,919
881,745,568,400,218,95,12,4,16,71,189,381,616,773,883,931,955,947,901,824
1005,874,748,578,371,156,49,8,118,313,513,734,870,915,876,748,530,289,65,56
982,860,708,542,332,140,34,67,219,439,588,713,807,883,917,955,912,803,619,401
934,841,676,465,268,146,107,208,393,574,726,837,900,920,875,770,622,446,259,121
945,875,754,601,438,243,102,65,36,48,127,296,512,677,804,885,913,908,880,824
809,732,654,585,525,474,432,399,376,363,360,368,384,408,440,479,525,578,635,698
872,769,655,467,310,96,4,18,136,265,428,619,789,857,849,768,641,468,268,63
596,479,436,395,387,454,534,660,828,923,978,996,973,993,958,885,780,636,482,292
994,869,705,510,304,113,42,49,151,350,551,749,904,979,959,849,690,497,296,165
888,758,586,389,166,58,41,145,294,499,668,798,887,933,949,936,894,834,759,674
953,833,702,520,364,172,57,30,155,299,482,670,853,932,885,802,681,539,348,115
765,647,502,406,326,367,546,707,822,885,895,853,760,618,433,220,83,51,119,256
773,648,489,290,127,43,54,194,382,614,791,893,932,905,830,723,596,459,332,243
788,904,988,911,840,683,478,260,95,6,140,298,491,716,862,925,997,899,791,609
886,745,597,454,333,233,146,74,35,25,68,155,309,512,696,840,884,832,745,636
868,792,670,509,292,111,37,5,36,159,269,409,570,732,879,948,990,917,824,703
920,858,743,582,388,186,46,62,153,306,504,717,870,942,951,868,715,521,288,80
939,899,805,638,450,277,127,36,40,144,316,491,663,798,889,921,900,828,712,559
928,839,693,527,349,174,15,107,269,472,628,747,824,865,874,857,820,769,709,647
888,801,735,578,438,304,190,47,123,275,437,637,754,853,886,901,839,743,596,412
836,717,596,489,405,354,312,286,266,250,237,227,219,212,206,200,194,189,185,181
1011,912,768,586,405,181,85,98,293,495,721,849,891,856,815,660,486,314,176,62
864,791,695,511,312,161,65,11,6,61,204,386,583,755,879,932,914,826,680,484
1027,877,737,552,299,73,28,209,423,662,846,906,971,941,817,621,368,70,34,160
836,734,631,515,383,249,113,20,3,60,174,344,494,640,727,776,797,813,844,897
875,753,566,399,211,65,12,95,222,423,587,705,774,780,724,620,475,298,107,17
955,844,714,533,374,139,10,160,340,518,689,830,942,951,875,740,548,378,160,52
895,771,662,559,468,425,345,249,117,74,11,19,154,248,403,623,780,896,931,957
706,826,824,706,614,466,276,119,14,30,114,261,447,620,764,876,942,954,922,845
787,928,943,907,800,585,401,212,83,31,6,63,199,382,593,785,930,948,918,822
671,863,916,988,885,791,604,441,232,131,34,33,171,292,455,670,842,904,979,908
1011,872,697,487,244,77,73,215,377,598,768,866,965,934,836,701,514,395,219,121
943,863,789,621,382,147,34,16,122,295,567,684,752,862,956,983,906,871,678,452
898,800,716,523,325,152,38,24,170,361,578,734,806,921,957,984,915,802,681,469
672,835,982,616,478,353,203,113,157,360,468,542,586,677,825,953,934,806,624,427
972,889,787,598,405,197,87,42,7,113,268,447,667,815,953,992,923,778,569,405
943,868,779,650,491,303,202,120,139,196,264,421,618,779,840,764,660,516,320,123
860,757,643,487,296,102,62,28,90,177,351,526,663,728,784,833,880,951,950,845
852,720,568,382,177,79,35,154,335,542,759,908,968,932,835,678,472,238,46,119
613,771,876,908,909,846,729,559,354,126,33,54,224,435,694,849,921,978,951,843
918,826,714,582,421,224,118,67,151,315,451,595,750,870,912,956,913,861,782,670
919,827,722,548,361,139,25,71,237,445,659,800,874,952,889,754,577,407,191,62
953,866,727,558,363,177,54,66,192,376,527,672,771,813,804,756,677,577,468,357
864,776,685,581,467,344,267,137,32,47,51,198,356,518,721,826,927,921,898,814
815,672,494,343,198,68,4,37,189,386,604,791,905,910,771,638,619,517,373,211
873,784,672,563,421,300,191,51,10,60,190,310,469,657,816,934,987,939,862,719
832,779,690,517,312,178,92,64,104,281,490,629,780,823,852,863,859,839,805,759
772,619,437,245,103,10,55,203,410,578,662,730,754,726,642,511,343,164,54,0
904,781,615,419,198,51,64,157,314,529,690,779,806,775,689,563,407,231,61,35
809,722,629,474,319,204,92,16,76,188,352,478,656,785,842,870,833,719,571,416
950,781,628,412,221,78,35,22,105,229,399,599,794,932,983,986,866,730,533,379
767,864,944,956,928,853,737,579,381,186,73,29,58,210,424,620,788,900,938,926
1091,830,689,560,318,142,116,234,388,559,754,881,910,893,803,654,499,318,115,22
949,845,738,620,517,316,196,58,28,12,80,261,424,659,800,936,953,862,752,594
971,926,869,783,660,518,366,181,69,13,9,68,227,464,705,862,924,890,760,584
997,875,749,579,444,252,50,10,27,178,314,465,663,816,934,919,801,660,491,270
751,867,905,965,930,836,695,528,353,180,93,81,111,218,387,587,782,910,952,993
865,789,604,479,268,167,44,48,180,171,277,397,536,698,726,878,987,929,789,679
873,768,575,417,208,88,42,10,93,241,444,690,848,905,982,916,808,657,441,260
994,865,791,596,372,246,154,61,2,77,215,410,575,714,844,906,947,976,937,827
963,822,629,437,246,100,11,143,281,553,767,922,976,954,866,737,566,343,106,8
828,713,530,388,223,89,3,1,52,224,424,625,728,791,833,857,846,815,736,614
984,873,785,618,467,279,87,20,3,21,174,297,489,713,856,931,989,929,801,595
767,879,942,983,981,875,726,546,348,141,91,56,89,219,384,582,760,890,961,974
887,848,753,592,408,191,50,8,105,224,388,597,750,824,839,808,730,617,482,341
939,869,738,571,378,166,1,199,340,526,719,858,916,885,775,606,399,192,1,156
930,873,759,588,390,170,109,166,382,593,770,888,918,867,751,582,378,149,18,33
962,845,689,516,328,159,51,137,271,436,607,790,931,980,945,821,637,396,129,8
960,843,732,600,484,366,255,151,56,18,106,221,378,562,708,844,894,946,925,808
593,636,818,921,986,870,697,582,360,235,131,54,57,120,283,432,661,815,906,989
830,722,535,369,161,21,128,253,406,611,764,821,892,769,666,472,318,118,8,92
844,720,529,382,167,70,28,123,316,484,630,764,875,943,966,105,286,445,661,815
981,812,607,408,199,79,42,20,104,266,447,689,844,909,965,936,886,765,582,417
900,803,698,611,545,512,477,414,309,256,179,109,71,84,123,191,284,406,568,741
715,672,758,853,962,904,804,664,450,280,118,33,22,115,262,395,545,719,870,927
770,595,404,212,86,78,209,372,575,801,946,993,947,821,635,397,123,54,17,114
825,745,627,508,359,172,37,27,126,276,431,641,802,885,921,927,868,766,618,431
988,885,791,604,441,232,131,34,33,171,292,455,670,842,904,979,908,771,608,422
842,737,553,342,163,62,69,188,357,540,703,826,896,903,846,734,574,384,191,23
872,783,647,472,268,58,49,164,372,566,722,817,830,754,628,485,341,211,120,76
984,905,783,608,400,223,95,8,26,146,335,496,632,761,837,891,915,903,860,784
955,831,613,422,271,154,73,53,106,268,460,636,794,889,900,825,672,477,272,114
745,901,969,937,823,595,389,227,124,78,25,93,211,391,548,669,755,814,848,866
613,786,924,957,945,889,772,596,379,216,117,80,102,175,296,444,611,783,924,981
924,816,644,437,227,73,46,149,369,552,707,815,870,860,791,673,518,342,162,94
915,805,605,402,232,105,35,124,292,493,661,782,858,897,906,890,852,792,715,625
857,751,586,385,165,40,30,112,289,461,603,704,756,750,690,573,402,203,31,174
911,815,634,428,223,98,42,139,298,497,663,791,882,937,963,970,966,955,943,942
767,849,901,919,877,755,556,358,179,25,75,145,282,454,634,792,894,926,896,813
984,897,713,480,308,200,127,121,173,308,488,676,837,894,815,645,394,190,63,53
860,775,647,490,330,181,67,105,260,435,619,794,907,917,823,652,437,223,75,54
907,798,614,427,253,104,7,56,169,344,521,690,824,910,950,942,888,785,636,446
896,764,632,500,368,236,104,28,134,266,398,530,662,794,926,58,190,322,454,586
724,844,891,870,788,590,401,230,97,31,82,228,430,607,768,874,898,848,736,566
935,862,755,600,401,171,46,50,202,414,591,736,845,912,933,913,853,753,619,461
944,862,729,551,357,172,29,16,28,178,361,536,670,766,837,892,919,915,883,829
961,829,655,415,219,68,87,267,444,618,779,878,893,832,700,521,316,112,44,97
938,819,624,430,228,92,11,61,198,358,537,693,806,875,900,881,819,717,581,416
957,845,577,332,99,5,38,124,321,489,639,762,853,884,848,769,648,495,325,156
759,932,956,935,857,673,479,271,70,19,63,182,382,567,720,826,895,930,937,908
923,807,612,441,235,97,17,79,122,325,504,703,855,924,974,927,827,653,460,255
863,747,572,373,186,42,49,192,386,564,707,799,825,793,707,575,408,227,63,27
921,815,639,421,246,129,57,137,274,457,616,772,881,911,882,771,624,450,271,112
949,805,616,436,218,82,20,84,186,351,494,623,719,778,794,763,693,594,475,345
763,665,786,791,786,816,832,826,800,775,785,794,811,825,830,828,824,822,816,813
844,914,879,711,525,348,190,88,1,11,166,331,504,672,803,880,887,811,672,498
875,759,635,517,426,369,197,48,12,83,148,244,368,566,734,853,929,969,935,825
940,927,873,775,621,417,189,64,53,184,399,582,733,846,911,933,909,838,727,586
901,777,598,370,199,79,94,259,470,701,872,940,934,850,687,471,229,87,15,63
953,878,766,596,410,272,171,67,66,186,390,567,730,856,937,960,924,812,582,405
872,785,645,458,236,64,11,105,196,273,318,320,280,203,102,5,58,163,352,518
999,863,772,676,627,534,369,189,73,12,46,143,314,490,673,822,884,812,635,462
790,629,409,226,78,34,200,478,693,860,950,952,860,679,445,210,58,24,167,394
718,829,888,886,820,695,512,299,93,54,174,383,567,725,845,916,927,870,749,574
947,827,644,428,198,22,106,234,405,579,721,837,913,952,958,932,883,809,704,572
1004,901,736,544,351,185,65,80,259,464,645,801,913,978,989,950,861,721,542,349
853,782,638,446,250,86,47,178,370,553,699,800,847,830,750,619,455,280,127,24
922,815,650,447,240,91,12,99,260,474,654,790,859,856,785,649,466,263,64,54
774,625,427,264,136,50,26,88,206,380,594,821,1035,1210,1281,1242,1100,881,605,303
983,897,779,605,398,191,76,82,222,376,552,724,863,946,972,957,908,829,727,610
896,748,565,353,169,52,17,77,248,444,647,808,900,938,919,850,736,584,405,229
954,844,749,694,770,899,965,922,796,591,339,134,46,66,201,373,551,702,807,843
989,896,778,619,434,238,57,15,78,167,305,479,675,826,930,982,976,912,800,639
941,823,666,496,328,185,68,20,36,132,312,491,647,764,844,888,900,873,805,702
1001,863,622,421,258,147,86,41,20,13,38,114,260,456,663,816,894,883,791,638
940,901,804,633,442,247,75,45,155,348,521,677,805,899,952,957,914,830,715,586
960,860,707,491,294,137,41,14,65,196,396,570,706,795,828,794,695,534,328,95
994,901,788,610,394,218,95,11,68,201,406,570,681,748,770,751,694,604,487,350
968,904,805,636,448,238,92,19,98,222,397,564,708,826,909,950,944,889,787,646
864,719,520,297,102,21,40,157,371,552,699,797,838,818,735,596,413,198,83,2
975,876,781,697,698,749,868,1043,1268,1447,1556,1599,1571,1487,1354,1180,982,780,591,434
954,823,657,455,247,76,27,159,361,529,667,778,871,932,962,965,947,911,869,827
993,874,696,494,284,175,88,28,68,158,300,499,661,757,772,705,553,337,91,86
928,859,739,583,405,214,28,55,167,372,552,707,837,923,960,946,883,772,616,425
875,781,670,551,428,313,225,189,220,363,561,743,845,888,852,744,570,349,189,99
878,746,604,441,279,137,36,85,218,397,571,744,878,955,965,927,842,725,590,458
829,651,506,387,297,238,211,218,259,334,439,570,721,880,1035,1174,1305,1426,1535,1630
969,872,774,606,396,195,34,93,211,391,551,682,804,902,970,1002,998,960,890,794
956,978,952,888,732,526,355,211,108,61,152,299,486,672,813,884,875,804,659,451
933,866,750,574,372,206,89,63,163,306,483,670,800,835,759,598,389,184,39,24
925,817,646,442,274,137,37,78,261,464,650,803,900,914,818,603,366,144,43,79
993,887,739,560,362,188,84,74,167,363,553,718,837,912,938,915,845,737,596,432
999,877,708,506,309,120,33,120,308,521,681,809,918,1002,1057,1079,1064,1018,930,801
897,775,621,439,238,119,49,47,179,367,593,782,886,898,806,629,397,207,84,52
936,831,653,422,230,84,29,97,253,441,619,751,821,814,725,551,320,71,21,81
903,785,590,380,185,35,27,157,357,541,675,785,867,917,936,929,901,855,793,720
741,582,489,317,189,86,45,160,356,556,698,804,879,886,823,721,597,437,288,165
877,783,602,419,203,108,201,378,563,730,868,962,1002,937,827,638,422,210,74,34
959,900,791,605,417,294,160,52,71,222,397,576,749,866,936,958,926,844,723,548
1012,911,821,661,470,269,79,45,63,204,396,561,688,777,826,756,608,402,194,40
964,875,741,562,378,223,86,42,101,246,435,617,778,875,883,788,611,361,159,36
952,800,610,398,261,99,5,31,147,320,505,671,813,903,927,882,770,595,386,164
958,810,593,388,190,41,19,103,243,433,620,774,885,939,925,848,724,558,372,193
939,852,718,537,320,88,21,108,277,428,557,659,728,761,758,719,644,533,386,204
1002,940,831,594,413,270,142,48,36,124,309,516,722,873,953,945,850,683,515,366
1018,867,687,473,235,77,14,61,202,418,611,772,892,958,892,792,644,452,244,116
762,634,561,428,290,180,87,18,7,66,216,401,538,760,865,819,609,422,268,147
895,781,612,413,201,78,85,211,405,573,699,766,757,680,548,385,213,59,26,142
855,773,617,409,217,64,38,157,392,629,824,947,989,892,696,454,222,58,10,96
904,793,617,405,207,78,44,114,215,367,540,696,816,895,924,902,830,717,572,398
890,816,702,542,336,136,37,40,153,348,545,724,863,949,973,942,863,747,603,442
941,826,621,405,211,104,25,119,398,621,772,873,931,949,926,862,759,624,464,288
879,769,621,434,221,52,48,207,422,653,822,926,958,922,816,644,430,200,89,115
580,729,901,985,956,892,724,503,334,203,74,43,133,346,540,714,871,932,957,947
862,822,703,523,330,154,7,78,282,454,665,814,877,887,846,756,623,455,240,16
963,828,608,410,251,136,60,29,75,191,367,545,692,794,834,800,679,491,275,64
970,804,610,402,200,36,31,195,409,602,759,881,972,938,859,741,586,406,219,82
960,857,694,499,286,72,7,75,273,456,625,773,895,982,927,824,672,482,268,53
824,706,605,429,301,196,71,23,86,202,391,578,670,723,700,605,431,301,200,70
949,856,678,476,263,34,6,89,246,458,644,801,894,900,816,646,392,177,11,56
967,873,790,607,391,253,135,5,79,129,327,464,660,866,943,982,875,770,637,427
778,681,535,332,189,82,96,205,371,503,608,652,608,479,303,140,54,44,147,319
804,713,626,494,393,251,151,84,25,97,199,301,373,483,590,674,762,839,924,962
702,749,591,435,276,125,31,82,206,365,561,749,901,970,905,792,646,486,310,129
836,721,589,404,222,57,37,149,298,492,672,852,925,943,841,688,522,352,193,60
850,926,958,916,754,584,413,248,70,13,49,165,322,482,673,862,949,967,873,790
774,624,398,198,54,10,31,159,387,640,818,941,995,895,774,589,432,302,193,119
798,706,643,508,403,298,167,39,13,38,136,355,546,708,815,855,806,682,503,337
783,622,467,320,183,62,0,77,226,412,596,763,895,977,1012,996,923,800,642,461
742,676,605,529,428,312,199,92,27,65,237,378,557,732,844,932,947,914,848,742
911,793,677,603,469,312,191,111,92,27,0,31,136,319,491,630,732,837,946,989
982,875,770,637,427,234,125,33,30,123,277,478,666,848,951,988,883,761,584,410
794,703,597,414,265,105,3,85,219,404,618,779,874,886,827,722,577,399,211,36
812,735,642,514,363,216,108,151,249,412,588,770,885,944,941,879,775,644,456,255
750,602,468,352,247,163,100,58,37,37,57,96,154,231,325,434,556,688,827,969
769,642,506,355,187,21,65,189,383,558,704,812,867,858,789,659,477,264,60,101
855,744,608,432,250,98,94,217,382,573,758,899,970,973,914,803,670,525,388,264
955,870,777,637,441,250,158,46,66,189,254,474,640,835,930,968,863,766,634,417
806,716,518,318,216,97,178,378,631,842,921,977,895,768,588,384,190,99,82,137
783,699,514,327,225,81,55,151,342,529,669,782,875,937,962,889,798,692,504,292
780,703,631,555,475,391,302,208,109,6,101,199,292,381,466,547,624,697,766,831
859,769,706,624,511,352,191,98,55,1,15,96,202,352,536,674,818,901,926,899
895,791,686,578,481,392,312,242,181,129,86,51,24,6,91,210,342,493,649,808
792,678,515,358,194,106,82,150,273,460,648,807,913,945,903,788,622,456,297,163
528,608,727,801,897,934,865,686,480,321,147,82,33,95,215,395,580,768,926,984
843,724,616,431,250,173,36,2,44,125,314,502,661,746,865,956,981,897,810,706
906,809,706,604,504,407,313,221,132,46,38,113,251,451,632,800,917,976,981,934
797,665,405,292,198,98,133,244,387,530,650,737,819,892,952,993,913,792,731,595
788,712,616,482,355,215,98,67,131,263,425,608,789,902,958,993,911,805,695,580
788,712,608,495,400,320,261,228,225,252,305,380,472,575,682,778,850,875,845,753
876,732,589,447,314,192,81,52,173,404,544,664,774,864,934,983,912,801,660,520
757,660,780,824,877,860,784,616,471,303,132,52,75,182,335,472,646,832,938,978
759,620,452,284,110,50,32,105,240,428,622,808,909,950,911,806,669,509,348,197
794,682,554,420,291,187,117,86,81,101,204,383,571,740,841,918,953,940,881,790
785,675,573,491,449,425,419,431,461,507,568,642,727,820,918,1015,1105,1182,1243,1285
781,773,700,583,420,245,65,20,98,214,387,561,749,884,946,941,876,767,634,439
789,673,550,440,343,260,191,136,95,68,55,56,71,100,143,200,271,356,455,568
878,779,641,438,250,131,34,26,134,283,485,686,835,937,983,876,762,628,426,227
793,602,404,208,72,38,99,214,409,598,775,889,924,905,833,712,553,376,197,59
805,707,583,439,267,86,51,139,302,436,641,823,891,883,800,680,493,348,174,31
765,672,538,411,304,203,156,76,15,90,232,411,560,705,809,871,897,916,865,761
794,694,589,438,303,179,56,38,125,282,478,648,773,835,815,728,587,421,258,123
891,805,695,552,360,202,116,22,41,152,292,415,539,688,802,879,922,946,934,886
791,699,620,535,450,367,285,205,126,48,29,107,214,341,479,627,784,897,986,957
654,470,365,228,123,32,106,255,455,653,827,930,988,886,776,638,446,251,111,24
733,621,409,214,99,4,75,169,323,495,645,796,924,950,916,828,720,579,395,198
754,584,413,248,70,13,49,165,322,482,673,862,949,967,873,790,607,391,253,135
737,633,437,248,80,32,85,190,375,563,746,855,928,950,918,834,706,537,346,174
879,765,644,508,382,261,158,50,10,0,75,183,331,517,713,901,973,996,895,780
773,665,573,502,463,494,579,735,948,1205,1419,1474,1370,1146,866,557,253,37,9,72
808,663,405,270,50,63,189,346,505,684,877,960,992,880,772,636,487,339,229,92
829,687,536,388,243,97,38,78,215,392,567,734,875,969,992,915,811,686,551,431
867,756,625,433,247,134,39,62,178,354,521,697,816,914,966,952,890,789,660,496
774,648,483,281,112,72,160,346,519,671,794,880,926,930,891,817,708,577,435,298
875,770,637,427,234,125,33,30,123,277,478,666,848,951,988,883,706,526,354,193
698,560,390,214,105,82,178,319,515,726,885,980,1007,953,830,656,451,241,158,105
791,613,441,281,120,60,105,260,452,673,857,970,973,858,731,595,459,324,190,57
799,706,564,399,214,75,3,95,228,425,610,785,895,930,885,775,627,460,295,150
798,701,616,474,343,208,97,108,244,412,593,747,876,754,690,581,466,335,189,94
913,798,627,448,295,189,93,15,15,130,290,472,674,810,920,992,906,801,672,482
781,698,527,361,206,88,22,57,141,289,497,689,849,938,971,888,783,657,444,251
523,656,829,912,945,902,734,563,395,229,54,33,63,192,351,502,674,857,947,971
921,816,694,570,455,342,238,144,61,9,45,168,339,523,729,895,988,981,882,763
768,644,477,314,153,35,9,68,193,361,539,705,812,862,883,895,873,832,774,707
844,733,612,481,340,189,28,96,253,400,528,637,727,798,850,883,897,892,868,826
773,645,437,278,178,303,554,756,927,981,892,784,667,532,381,219,86,45,86,199
824,732,615,498,398,274,168,97,56,21,45,160,371,568,764,929,989,902,785,642
776,662,598,421,305,125,27,54,169,329,462,655,870,947,989,874,758,605,456,298
594,477,363,260,170,102,56,32,30,50,92,156,242,350,480,622,776,932,1078,1212
781,675,566,460,363,273,188,108,40,0,47,172,369,555,738,887,983,976,870,751
791,643,498,356,219,87,17,56,164,334,499,675,867,962,987,893,811,650,490,330
848,941,985,879,763,628,437,271,165,70,8,21,116,264,458,644,827,934,971,893
861,760,641,428,255,125,35,119,305,475,660,863,948,981,897,800,663,457,248,132
828,729,608,472,329,190,78,87,224,404,614,818,970,1020,918,805,678,538,384,226
883,689,540,432,367,243,76,21,97,204,355,546,716,854,944,983,934,825,693,498
656,716,666,517,342,177,8,55,220,425,616,787,917,992,993,922,791,615,401,160
782,704,600,503,424,367,337,335,360,407,469,534,589,627,638,617,558,464,343,209
780,694,579,456,327,215,103,4,94,250,442,614,742,787,721,568,377,203,82,10
767,696,539,420,327,240,95,4,56,191,414,570,700,742,761,712,594,404,234,99
787,676,576,491,409,352,207,101,40,8,95,209,395,580,750,879,971,999,912,812
733,624,422,287,175,84,23,36,139,312,508,692,830,907,955,910,808,679,503,318
789,685,605,552,537,571,663,769,884,966,1002,993,938,837,703,552,405,278,186,144
819,912,967,958,987,924,855,764,670,571,465,352,232,105,10,110,272,486,664,815
785,570,359,147,62,52,161,327,520,730,875,953,988,896,797,694,588,479,366,249
609,609,566,384,212,32,31,113,272,451,648,833,935,973,853,725,604,410,220,134
887,782,647,437,244,135,47,22,111,266,464,677,855,958,991,884,759,552,320,175
865,754,624,488,332,166,37,0,39,160,364,555,738,908,973,910,734,559,374,190
784,695,587,405,289,169,37,12,52,205,364,554,733,838,942,978,867,774,639,412
959,869,746,625,504,394,298,218,150,90,47,23,16,30,85,182,318,478,652,831
849,712,613,529,459,393,333,279,230,185,144,106,71,39,9,119,222,398,571,743
891,808,708,587,456,325,189,63,3,103,271,476,672,849,950,988,883,760,645,505
924,781,626,459,280,89,7,104,303,493,688,847,964,1017,999,904,746,568,382,204
859,689,522,379,191,93,101,223,394,561,688,730,696,588,422,267,155,64,48,136
579,697,818,909,876,848,751,654,462,321,52,49,63,175,348,516,755,949,975,952
836,645,452,264,96,2,61,226,418,580,692,740,777,854,922,969,986,970,930,863
626,567,454,287,105,45,104,248,420,603,782,927,1015,997,965,865,701,514,302,150
924,712,520,347,160,27,110,309,504,691,832,936,991,947,767,593,433,287,184,89
736,574,375,201,108,33,50,177,366,526,659,791,861,905,874,778,619,464,297,122
787,591,448,273,104,15,86,208,351,509,681,848,960,988,936,815,648,472,300,139
866,685,520,311,122,46,35,150,348,550,736,905,945,876,718,508,313,177,56,17
846,712,527,319,175,55,14,59,212,446,620,811,939,959,887,742,594,416,239,97
778,555,348,171,14,15,111,278,465,684,867,973,978,857,711,539,338,163,20,17
735,568,395,183,92,101,221,401,570,731,847,967,957,928,782,649,439,257,73,15
817,769,616,481,308,155,99,81,177,320,514,692,815,849,792,651,461,300,163,81
666,525,323,78,51,33,104,281,453,685,839,952,953,896,753,621,426,254,78,1
887,704,519,367,187,68,66,140,289,478,631,795,840,853,839,783,699,584,447,296
791,604,398,248,98,14,106,354,604,816,898,868,758,642,486,312,116,24,18,123
829,674,513,330,102,7,75,192,438,594,736,946,949,925,793,565,404,238,96,10
780,632,467,290,120,64,86,211,388,552,676,724,710,642,557,472,420,404,419,446
837,683,647,930,916,850,687,513,324,194,6,59,178,398,582,756,932,982,927,858
686,532,377,205,50,48,148,337,528,671,760,812,829,808,746,644,505,340,168,11
860,713,522,370,189,66,85,220,426,605,744,824,810,696,513,301,97,4,90,255
804,591,411,210,132,127,210,421,609,770,865,839,757,634,485,333,194,84,16,61
875,721,541,367,202,89,6,15,125,287,462,655,849,923,851,673,479,296,140,16
663,819,968,964,893,756,609,391,227,54,7,85,255,439,665,874,972,946,914,715
874,720,539,375,190,75,14,59,191,384,567,740,852,871,810,672,506,317,173,58
816,689,601,616,724,931,997,1000,913,774,636,496,349,209,93,10,52,164,294,467
770,568,320,117,13,40,227,406,599,777,921,1013,1034,984,804,605,396,184,32,1
738,594,375,187,78,59,116,290,472,663,813,899,892,820,691,526,344,169,56,75
868,870,825,680,509,318,145,80,56,73,186,351,528,709,868,979,990,956,805,634
758,621,408,242,103,33,42,154,315,494,659,796,889,931,911,831,704,536,352,180
880,736,601,509,449,425,530,728,905,981,967,894,783,643,484,317,155,76,189,370
860,695,530,374,217,91,32,58,174,377,568,716,826,878,859,775,635,456,256,68
768,646,469,378,277,142,81,55,164,367,572,728,827,878,852,783,648,496,383,277
625,514,343,209,103,17,1,33,134,277,428,561,655,713,743,750,737,706,659,600
821,753,577,399,224,137,71,90,178,343,515,734,915,950,889,715,521,351,184,108
484,672,860,957,947,933,762,595,390,231,70,30,17,112,296,463,690,868,962,966
745,573,398,188,78,99,223,435,623,767,880,913,891,820,724,558,399,255,105,24
644,737,934,956,887,781,623,468,298,109,37,57,179,345,532,720,888,935,994,934
908,720,590,515,639,807,880,837,693,502,322,134,23,44,159,355,525,708,871,964
824,660,482,296,98,18,28,139,326,504,681,839,946,986,938,803,639,456,256,57
936,753,573,408,273,178,85,14,76,207,404,569,684,751,766,729,653,529,379,218
743,574,391,187,99,110,226,429,604,725,797,819,866,853,768,597,404,214,39,0
811,640,441,298,128,55,67,216,367,489,589,735,891,987,1000,951,814,683,496,309
859,685,515,356,214,81,19,83,269,467,642,812,884,860,722,552,375,247,162,117
804,596,346,140,10,76,243,475,673,835,938,976,950,860,717,543,358,193,77,9
716,563,398,223,80,2,51,169,347,528,712,875,994,1000,898,698,496,313,149,17
846,682,474,286,110,67,142,321,486,651,763,843,896,934,960,976,977,965,940,884
592,427,233,83,14,68,158,337,514,677,800,850,833,759,625,439,268,113,44,62
996,763,593,434,276,121,52,95,226,435,609,751,850,927,974,977,940,863,749,597
843,688,505,346,216,125,84,106,254,432,625,800,924,982,959,864,715,546,394,285
821,693,515,351,75,19,77,132,307,499,695,873,970,924,841,736,538,358,129,37
839,647,421,238,128,75,125,290,517,703,835,874,803,644,432,214,85,18,76,198
721,564,361,211,108,62,109,250,422,610,795,895,900,823,682,496,288,117,37,57
800,610,444,302,178,77,4,12,103,273,444,601,721,802,840,842,811,749,669,573
701,494,321,150,65,72,146,302,464,627,756,826,820,751,643,514,385,280,236,257
682,535,367,207,119,92,128,246,404,543,604,558,406,249,118,50,16,16,52,140
787,585,428,325,347,384,538,702,907,1055,1237,1274,1188,1011,839,608,444,327,324,381
753,953,936,693,516,251,101,28,16,123,357,529,686,801,838,762,617,453,288,148
637,484,309,137,75,24,51,219,386,563,749,850,882,833,695,533,340,182,44,36
806,676,494,319,168,55,8,60,162,366,587,776,905,964,954,874,726,529,303,80
692,920,993,969,956,868,730,586,384,247,56,61,199,365,552,743,845,956,978,932
876,747,580,373,201,86,97,223,386,586,752,840,862,807,680,495,281,73,0,44
827,830,780,680,515,336,173,66,102,220,354,491,687,826,902,902,829,683,481,264
810,672,483,285,109,57,85,200,377,574,764,911,999,1000,929,796,622,422,217,87
862,786,618,457,281,95,57,128,306,482,625,719,757,843,932,978,984,948,884,796
716,535,409,273,81,61,109,241,390,533,737,897,993,971,918,806,674,483,333,241
800,722,600,433,245,49,6,80,223,407,548,786,949,996,905,798,637,441,320,188
876,734,555,376,222,147,157,266,444,640,800,897,897,832,719,580,433,304,214,177
794,694,618,473,352,191,58,43,106,192,305,428,531,662,740,826,870,841,733,636
731,540,356,181,31,27,101,269,439,641,798,858,882,786,615,431,256,78,16,59
819,696,532,420,371,285,154,9,31,119,295,476,656,839,842,774,525,318,111,23
530,681,861,958,952,929,779,622,415,257,85,46,36,134,284,451,677,846,960,962
784,611,396,223,78,12,77,254,420,591,745,866,947,946,842,688,486,307,132,24
795,580,398,202,125,181,373,544,745,892,967,951,894,728,561,358,180,95,157,375
929,709,515,359,232,146,106,160,269,428,625,788,880,881,802,654,457,255,83,0
827,719,549,349,217,68,4,71,233,422,626,793,896,938,891,754,618,425,243,147
839,631,439,281,113,43,167,349,535,714,863,971,944,827,671,482,293,116,40,19
826,687,583,375,254,105,32,59,118,314,549,731,834,856,821,814,753,630,459,251
909,727,515,325,172,71,90,213,372,548,727,854,884,800,630,415,205,57,42,148
811,647,442,294,122,85,82,206,375,541,724,898,1000,992,953,800,616,460,271,145
880,728,566,434,277,111,57,129,297,481,676,824,899,917,869,759,598,396,227,104
737,520,323,162,61,59,130,267,464,621,759,803,753,626,452,262,90,20,76,256
854,704,608,452,322,113,47,59,178,342,531,688,805,867,862,790,652,477,246,86
676,747,770,666,524,375,217,68,47,167,376,562,723,820,865,859,855,837,820,818
791,678,533,415,333,269,190,94,66,39,19,76,192,378,574,747,850,871,817,679
766,602,397,249,67,30,22,118,295,467,698,862,971,973,934,777,593,437,248,122
634,753,793,776,726,646,537,423,302,198,98,17,40,137,301,501,697,826,912,940
860,717,548,374,190,97,95,107,240,406,588,757,890,978,997,951,843,684,490,279
780,563,379,206,50,9,97,184,356,550,748,869,882,808,651,475,299,141,70,97
798,593,418,268,94,33,101,285,468,668,819,902,854,956,984,925,780,640,416,225
802,616,447,233,92,24,54,208,406,591,730,799,799,745,594,409,199,65,17,95
693,891,989,971,944,790,626,421,273,91,54,46,82,259,431,662,826,935,937,898
697,552,400,246,118,49,58,185,349,531,708,834,906,944,963,918,801,647,460,279
825,630,399,227,79,21,127,308,470,695,860,983,972,915,764,621,418,242,111,13
805,665,418,192,14,96,284,472,666,800,852,847,780,668,526,383,258,173,141,175
519,718,884,977,999,956,851,695,496,277,157,84,79,135,250,420,608,780,905,970
840,696,508,284,108,60,185,352,516,691,831,940,994,961,847,672,467,244,82,14
739,591,408,212,113,52,39,144,314,479,661,804,960,974,902,764,595,410,211,118
719,535,356,179,23,89,181,317,490,694,852,947,971,933,833,685,493,264,108,43
950,789,598,400,212,114,67,43,72,147,260,400,500,544,512,425,308,182,76,9
915,686,513,398,408,528,722,890,971,957,858,705,511,291,154,118,173,297,467,665
782,630,446,238,131,66,53,77,227,436,663,819,922,952,907,794,632,438,226,113
776,640,453,235,110,46,66,209,377,564,744,880,967,992,952,844,675,471,253,138
813,725,565,372,178,79,35,120,288,482,624,737,830,891,918,911,874,802,705,593
579,406,214,98,43,123,284,496,684,836,924,950,919,833,712,564,399,223,111,41
532,405,242,100,81,196,385,558,700,813,899,956,993,929,795,602,372,128,19,42
485,344,155,60,29,96,191,318,504,707,880,988,988,890,737,551,356,171,40,40
800,626,400,196,42,27,128,314,500,681,837,978,993,883,741,564,380,185,29,14
714,536,351,151,46,34,116,294,450,663,822,923,962,886,776,632,430,197,108,4
842,702,538,367,190,75,14,31,125,293,464,650,792,893,955,959,909,808,663,485
799,701,563,382,185,96,114,246,388,513,626,718,791,846,883,904,911,907,896,873
846,621,401,190,8,72,207,392,547,748,886,946,964,937,866,752,607,414,206,79
64,16,95,990,984,924,816,666,474,233,72,19,49,152,324,509,681,834,929,961
848,695,579,500,460,525,655,825,959,1054,1072,1027,921,776,609,449,317,242,235,295
931,772,598,421,261,109,66,146,307,477,621,782,868,871,809,691,485,303,144,75
827,417,176,55,45,120,298,487,685,826,904,916,879,790,645,442,194,72,43,130
814,629,461,312,188,84,17,72,184,343,529,705,850,969,967,940,801,616,448,306
796,641,547,392,170,144,201,347,525,672,800,896,955,980,981,963,899,773,598,388
971,830,641,408,227,113,46,32,108,285,456,672,835,927,956,924,830,684,496,282
977,896,785,652,498,314,179,88,43,64,141,276,415,566,736,889,988,982,871,738
905,792,615,407,195,87,50,99,232,384,547,715,862,970,987,906,748,558,335,102
573,435,292,172,84,27,3,24,89,184,303,440,591,748,905,1048,1172,1283,1378,1455
666,817,911,952,905,790,642,459,239,108,45,48,140,273,410,599,791,904,935,898
876,698,542,395,270,167,86,27,10,35,101,195,308,440,581,711,803,923,964,921
798,635,454,268,98,57,56,173,332,476,702,888,988,988,903,725,549,365,189,62
875,714,534,342,153,62,27,45,149,326,483,658,795,926,943,908,792,597,340,179
789,612,383,165,72,17,104,248,416,613,804,932,976,944,848,727,593,459,334,225
832,676,497,297,111,43,80,222,388,585,759,907,961,869,728,533,295,118,7,44
704,511,367,268,202,150,117,106,119,156,214,289,376,470,565,655,736,804,854,879
686,832,927,961,940,878,771,629,447,236,105,34,80,179,328,455,648,803,927,985
883,733,557,378,201,93,44,59,143,289,473,627,718,803,873,857,778,623,420,203
789,605,390,169,90,4,7,111,282,416,596,694,777,831,868,888,890,875,843,794
634,464,303,148,54,37,100,263,465,607,763,894,934,900,808,664,493,311,152,56
860,722,592,475,376,303,266,271,308,389,501,641,806,990,1192,1410,1639,1880,2136,2406
897,777,641,478,298,109,71,172,341,501,638,814,912,966,879,740,543,322,170,66
828,667,479,262,112,54,31,87,252,470,712,900,927,911,837,723,578,414,250,124
829,634,496,394,326,311,348,437,574,746,917,1051,1042,910,685,419,149,70,9,28
783,596,388,198,98,110,225,365,554,736,854,930,937,859,754,612,427,211,109,40
719,547,381,236,111,59,29,132,304,468,612,761,867,946,966,932,835,694,504,275
840,665,512,412,368,444,554,695,893,1127,1212,1314,1269,1163,1006,870,645,463,357,355
664,471,242,118,46,26,86,246,440,659,796,922,972,950,843,652,417,238,130,64
884,751,565,326,112,18,27,122,299,473,679,843,957,985,929,785,592,357,98,20
906,777,607,394,185,66,86,183,336,517,704,844,934,964,927,829,681,499,301,111
921,785,615,412,206,114,56,43,141,301,464,666,785,882,927,972,965,912,800,640
830,659,487,316,145,74,29,95,190,315,470,655,811,938,956,937,881,779,643,481
983,792,597,404,216,137,65,19,9,43,135,288,470,666,823,927,978,970,904,779
902,767,588,405,209,110,54,40,111,292,458,674,826,926,968,888,772,627,437,208
806,631,440,241,52,24,116,310,475,662,798,935,966,883,764,600,413,222,137,55
753,628,539,403,234,114,84,156,378,572,742,858,931,956,934,860,736,571,396,244
820,920,964,888,778,637,439,205,120,18,63,169,326,462,687,869,975,977,913,769
775,569,380,203,96,59,79,202,406,660,923,952,864,666,482,300,140,41,20,68
899,757,572,381,181,93,22,85,165,282,437,623,769,885,948,963,932,858,745,598
730,539,348,157,34,123,212,301,390,479,568,657,746,835,924,13,102,191,280,369
848,707,543,367,192,61,247,365,496,630,787,970,984,922,809,648,440,222,88,0
825,671,543,432,305,179,78,1,9,97,239,423,568,723,824,854,826,729,573,445
814,682,536,380,244,140,52,15,66,180,363,536,688,820,926,988,988,926,820,688
743,576,409,242,75,691,527,363,199,35,871,707,543,379,215,51,887,723,559,395
768,610,409,194,102,57,68,134,257,418,586,738,854,931,957,939,875,774,641,483
774,641,442,197,94,78,113,243,400,568,765,921,983,902,787,623,413,191,101,25
848,679,497,297,123,57,3,1,60,250,475,648,788,926,947,915,792,604,358,156
689,521,335,137,55,61,155,335,521,689,821,913,953,957,925,857,769,667,557,445
366,227,124,68,49,75,146,254,396,563,719,830,886,855,743,566,341,129,23,0
810,688,514,326,142,87,52,33,158,425,624,779,868,888,836,713,537,335,134,50
898,775,650,537,458,386,326,277,235,200,173,151,133,119,108,100,94,90,87,85
856,612,431,238,139,107,57,42,139,295,480,710,874,950,944,885,757,579,359,185
805,611,439,275,149,67,47,178,347,524,711,876,996,941,806,606,431,284,178,118
866,702,511,288,138,68,87,246,421,614,791,917,963,934,842,697,505,274,124,61
832,696,552,411,265,117,61,22,19,101,204,346,496,660,797,905,974,999,972,893
952,811,641,453,250,131,44,28,89,247,401,590,726,820,875,854,755,598,404,194
808,605,406,212,109,74,165,349,509,643,819,871,872,830,740,592,398,203,98,63
832,709,502,292,171,59,49,41,38,34,27,15,9,4,0,0,3,16,46,100
847,721,547,393,246,142,71,28,73,186,315,468,640,774,872,942,981,988,962,903
876,716,553,399,265,170,109,93,130,214,329,461,595,696,746,755,728,673,602,523
886,768,618,421,176,69,42,133,307,481,638,772,888,987,984,948,827,654,456,234
285,131,129,178,345,529,704,804,860,874,843,769,662,535,403,284,196,161,182,243
767,621,420,221,135,37,73,180,338,475,699,885,978,938,956,886,780,619,428,320
719,520,328,169,71,71,165,351,533,699,823,883,880,815,697,550,398,269,172,122
817,669,613,642,773,879,920,918,873,792,712,650,624,634,678,745,821,885,919,899
799,618,388,191,83,52,86,180,334,521,700,821,874,858,774,637,460,261,79,137
782,604,424,222,136,61,148,327,512,679,830,929,968,887,748,553,324,178,97,56
814,645,472,296,137,96,108,250,419,606,782,900,926,853,700,500,295,104,32,91
876,703,550,450,406,482,592,733,931,165,260,362,307,403,538,728,892,997,999,938
776,601,395,197,82,39,113,274,400,573,706,792,842,849,815,734,613,460,290,119
647,788,876,955,982,964,953,878,717,525,356,194,95,45,29,72,196,376,558,738
905,784,609,404,221,99,27,54,151,317,470,635,776,887,959,964,898,755,548,354
782,595,413,218,123,49,48,145,331,494,675,825,938,983,949,841,677,458,268,126
938,759,560,355,189,57,49,134,279,429,594,752,866,918,934,917,861,760,619,442
823,677,511,330,136,21,25,145,359,558,736,885,997,991,869,735,576,403,226,55
855,705,521,322,123,46,10,48,165,334,523,711,853,937,954,960,872,719,521,284
916,873,790,676,533,370,201,68,-48,-160,-233,-259,-245,-199,-127,-39,64,159,255,343
778,595,374,174,33,40,152,369,548,768,911,973,951,864,718,507,297,115,53,86
941,848,707,524,329,200,89,8,17,127,235,382,570,747,880,937,906,799,663,501
841,706,539,339,134,69,80,176,332,541,732,848,927,938,891,789,643,464,267,90
737,668,495,277,123,39,0,73,246,508,759,897,954,947,858,697,488,264,71,7
900,813,681,512,321,128,48,91,252,448,660,840,958,980,908,756,579,388,200,32
793,637,402,223,121,129,286,465,688,838,954,999,949,899,719,524,306,169,93,110
732,571,360,174,77,83,186,395,569,765,881,895,815,646,451,241,77,3,16,125
892,734,565,361,191,87,41,70,185,370,593,790,924,964,874,680,422,167,39,16
869,702,517,309,91,50,139,316,511,746,879,987,972,950,806,624,429,236,114,61
383,310,184,86,27,30,131,279,486,659,767,729,651,559,481,418,377,368,393,440
843,689,545,412,286,195,135,114,135,195,286,412,545,689,843,1008,1183,1367,1558,1754
110,724,558,389,910,759,643,417,269,173,137,189,390,529,665,764,839,907,971,223
826,745,608,418,208,44,66,172,387,585,781,888,920,876,760,582,368,148,47,120
884,744,592,428,247,117,54,99,272,445,671,808,939,977,898,762,580,399,185,56
899,799,683,537,384,252,140,59,28,96,197,370,529,699,822,888,886,782,625,449
819,654,475,274,134,72,36,66,99,114,132,142,139,128,136,160,280,411,599,773
989,783,614,418,207,96,75,163,378,567,722,854,964,948,935,776,655,455,278,133
692,777,833,882,901,900,885,859,822,776,722,661,595,526,455,383,311,239,168,98
900,791,677,600,541,500,475,466,473,496,533,582,642,710,785,864,941,1012,1073,1120
857,750,620,461,289,151,68,60,174,383,579,759,896,956,954,883,756,590,392,180
852,778,652,471,319,185,90,60,90,188,343,516,682,820,903,936,920,875,807,731
109,778,910,902,848,809,705,576,427,277,127,37,64,130,329,468,659,866,945,948
887,820,739,646,542,429,307,179,48,16,80,203,381,563,744,897,999,1009,935,839
867,736,541,341,160,53,2,50,176,386,578,743,868,936,940,880,766,624,470,324
796,623,396,205,64,24,73,202,415,618,801,904,881,824,744,641,514,372,223,87
901,746,641,483,333,221,149,64,52,116,293,470,703,854,976,947,915,794,674,473
867,766,611,409,213,118,105,175,314,486,663,819,935,993,972,887,748,572,380,194
823,867,828,725,593,439,298,183,107,79,109,210,366,562,753,901,964,906,755,575
933,787,653,510,373,231,92,19,35,143,276,480,606,736,830,841,819,735,603,425
674,806,942,984,917,760,590,393,241,95,6,22,130,252,418,618,819,952,978,913
896,787,663,507,335,168,45,15,36,128,287,506,747,867,892,814,659,455,239,98
833,678,533,396,267,146,33,39,127,326,525,753,922,985,932,896,766,612,437,247
885,778,618,412,251,134,52,41,116,323,445,641,879,950,964,898,755,631,436,245
876,739,566,384,196,52,9,13,95,210,380,546,729,876,954,943,855,720,545,350
942,919,775,611,424,210,106,58,136,315,484,716,864,976,973,910,760,638,434,246
730,721,533,453,316,193,104,59,59,89,236,403,524,606,657,677,674,661,660,671
932,811,642,467,265,134,16,28,113,327,481,677,863,962,972,899,735,550,349,137
920,776,602,416,204,86,64,156,328,515,732,879,964,978,889,724,511,270,115,59
880,734,594,452,307,164,32,116,409,644,811,926,986,985,922,800,633,429,208,89
812,610,430,280,149,42,132,342,504,698,877,897,852,732,564,356,190,85,22,31
823,761,607,392,196,63,34,139,359,563,785,876,947,957,899,750,562,284,146,97
911,770,593,388,188,30,130,317,496,721,874,963,979,914,764,647,445,271,121,83
816,679,581,470,405,381,409,491,605,737,861,949,977,932,821,670,495,322,178,84
875,738,607,495,452,394,285,140,40,241,456,656,850,948,968,920,811,659,454,226
848,778,630,478,333,209,122,59,18,55,175,362,538,705,845,965,992,936,799,625
901,767,613,437,275,144,78,57,153,342,502,659,759,770,677,519,333,138,50,25
837,711,593,462,370,276,182,100,20,12,36,82,175,311,486,673,817,908,948,887
824,665,470,277,105,74,69,147,319,482,650,803,924,986,982,923,816,676,520,363
2,50,56,69,85,107,132,162,197,237,282,330,82,209,374,523,693,849,996,997
895,762,638,534,465,365,251,137,84,39,13,6,26,108,243,397,576,786,913,934
888,797,658,468,310,188,102,55,20,3,39,148,327,562,791,919,956,916,842,726
867,794,686,546,381,210,144,60,36,101,226,407,533,679,768,812,907,891,933,844
887,756,617,450,309,198,85,14,74,209,354,510,587,627,636,623,553,423,260,89
810,678,516,311,108,28,67,221,414,648,791,882,900,855,747,583,383,159,63,30
982,848,682,479,265,130,44,48,138,301,489,681,841,951,959,886,752,580,381,175
880,786,638,526,363,160,58,63,169,375,538,740,891,946,938,900,822,704,507,301
858,818,674,502,305,127,47,85,208,386,589,761,876,920,889,791,638,443,228,45
875,682,546,420,301,233,179,133,71,13,36,117,317,460,670,825,952,970,904,801
993,891,762,599,402,252,102,12,22,111,320,463,663,871,951,936,929,773,607,421
619,406,201,78,19,63,249,474,703,901,954,875,762,586,367,136,57,63,183,379
840,695,517,348,188,49,65,174,315,486,686,812,926,965,924,806,655,482,313,154
887,801,663,476,269,94,18,31,156,372,593,779,890,925,894,808,679,519,344,162
231,623,783,840,780,612,401,192,82,40,57,186,371,567,738,867,935,937,872,760
846,795,654,488,317,151,81,53,146,326,526,714,801,777,660,497,312,121,54,50
904,752,637,430,244,117,51,48,117,275,454,686,834,970,942,919,821,701,548,364
929,817,675,503,315,146,192,355,552,794,866,878,985,966,914,825,694,527,333,151
882,737,631,525,366,249,112,85,143,298,436,640,763,864,909,950,925,885,730,614
695,919,950,880,764,590,389,203,72,26,71,185,374,612,840,916,924,849,712,520
875,731,591,469,369,299,302,329,384,464,564,676,789,893,978,934,860,757,635,516
758,589,398,166,42,15,31,142,329,527,725,888,976,971,885,741,556,359,161,47
783,691,543,348,203,109,60,74,192,331,509,682,841,941,956,937,896,757,597,392
1006,943,770,643,452,261,131,61,31,222,421,641,821,954,1009,1009,874,709,523,326
775,619,513,432,297,131,10,13,74,162,366,612,792,843,832,800,706,556,350,102
800,649,482,345,272,379,508,671,868,1018,1168,1258,1248,1159,950,807,607,399,319,334
843,714,538,362,213,123,95,156,288,446,602,747,864,946,943,845,681,481,280,131
900,821,705,558,402,258,134,66,22,57,163,328,520,705,849,924,920,824,697,529
889,713,573,391,228,87,46,126,313,487,708,863,978,971,893,736,618,424,218,97
874,749,580,380,174,85,7,1,2,111,383,552,670,771,854,923,982,997,967,905
875,746,611,480,382,404,543,690,814,889,904,857,777,682,574,464,374,324,340,428
880,738,597,447,297,148,26,13,79,228,414,626,774,898,901,880,752,582,396,199
799,643,518,473,491,576,699,861,1018,1168,1318,1418,1406,1317,1198,1060,918,808,818,913
878,790,660,520,392,245,115,36,45,153,369,557,738,855,933,924,833,719,543,369
813,637,444,244,112,103,235,407,585,737,846,940,968,925,794,616,421,231,107,103
484,313,219,128,60,109,325,465,660,859,937,919,813,681,507,320,140,83,95,203
880,722,570,438,362,390,595,798,895,898,811,670,506,397,373,455,630,814,951,1028
751,635,436,233,114,79,107,217,404,605,794,896,951,969,946,889,768,593,382,165
637,430,244,117,51,48,117,275,454,686,834,970,942,919,898,768,618,448,261,139
821,668,536,424,337,280,254,264,315,403,518,645,767,852,882,856,766,623,437,238
916,823,614,396,195,95,79,157,300,484,654,791,877,885,835,723,570,387,198,42
982,902,796,613,406,227,106,37,81,137,236,422,629,749,854,933,963,893,693,521
963,831,636,388,191,57,6,25,117,268,473,672,800,890,926,906,841,744,629,514
842,779,637,442,251,123,45,98,182,323,471,589,716,812,857,743,609,498,376,202
939,896,777,631,415,242,113,18,63,146,274,526,705,840,914,872,752,586,382,189
772,586,346,157,36,101,223,419,592,788,863,910,939,903,825,696,519,297,123,42
936,829,736,618,479,318,144,62,65,156,273,447,658,782,903,970,939,821,634,392
671,533,433,324,299,374,432,464,563,666,710,843,957,989,923,857,781,664,553,441
799,697,502,356,264,162,56,25,112,247,435,622,748,785,741,623,449,288,178,77
902,771,556,376,180,73,23,59,141,270,470,677,794,824,784,691,576,443,297,156
957,909,794,575,119,426,960,499,661,809,960,924,818,612,120,960,603,750,827,861
713,607,458,370,363,411,533,670,899,1060,1134,1198,1161,1043,879,678,522,372,365,343
816,673,511,333,211,99,30,105,220,361,497,616,704,771,902,993,977,916,821,599
874,777,545,378,189,95,48,120,367,593,723,831,903,956,899,805,647,489,307,165
966,880,762,626,441,275,156,38,8,46,148,271,456,610,709,844,968,950,894,770
938,825,701,590,508,431,358,294,238,190,148,113,84,60,41,25,12,2,0,2
970,853,713,550,394,238,119,33,2,50,136,266,452,607,757,883,959,928,853,754
989,846,707,526,317,134,26,53,132,260,458,641,780,885,968,947,821,651,442,211
822,711,542,301,108,6,19,141,313,517,673,796,876,903,885,823,725,601,463,329
936,828,775,670,487,290,91,0,38,151,236,326,442,607,741,854,931,898,818,684
953,862,733,588,427,260,97,32,73,185,378,575,760,913,938,888,757,578,377,176
686,747,786,804,801,778,735,672,589,486,363,220,112,61,77,161,304,508,677,827
898,763,557,418,225,123,39,15,89,186,290,430,589,730,842,920,957,924,811,640
580,690,831,944,953,899,783,630,405,235,58,12,65,162,298,496,674,803,952,966
710,853,969,972,876,766,572,425,215,141,91,151,256,373,561,730,910,975,937,816
942,848,751,611,415,239,107,31,78,157,276,484,682,822,920,956,859,734,557,335
904,800,616,399,194,64,42,160,368,564,697,808,878,908,902,858,773,663,542,413
886,744,541,398,196,109,19,61,180,314,456,574,604,566,446,253,120,24,54,155
888,759,598,398,218,101,10,63,172,335,544,682,784,857,873,813,664,449,227,96
932,893,816,716,621,513,408,312,226,148,100,65,69,118,217,350,475,583,684,769
697,821,920,928,870,764,632,455,264,105,33,25,107,251,442,596,728,841,945,954
780,660,562,411,286,168,88,33,6,19,58,148,327,544,735,855,907,866,747,568
903,740,564,344,197,94,47,150,342,577,717,854,922,902,800,644,455,252,179,112
944,783,596,401,207,58,5,28,169,314,487,609,767,894,957,921,845,746,550,375
690,789,864,925,965,979,965,920,829,691,486,316,108,28,67,174,348,575,746,860
973,808,627,403,242,92,32,102,225,395,509,559,548,480,362,232,148,120,159,272
508,638,760,882,974,998,958,833,653,451,267,133,118,224,395,589,764,858,921,931
869,736,558,341,229,122,68,133,276,423,539,624,721,783,897,961,986,946,849,731
592,704,842,941,954,906,784,653,431,281,145,57,12,108,234,413,566,734,872,970
831,715,588,438,273,100,22,66,148,283,467,648,787,870,888,848,751,607,444,281
884,787,659,497,319,133,34,9,52,175,372,555,709,824,888,888,826,694,521,334
1009,856,683,462,259,143,79,149,274,480,680,811,900,894,840,708,547,348,199,95
944,834,736,564,368,189,84,27,4,33,86,187,337,524,657,758,880,960,991,965
956,858,633,468,253,144,47,9,29,128,217,335,445,646,840,956,982,930,816,625
843,717,561,419,308,232,187,199,257,360,492,635,767,883,973,1024,1037,1009,952,892
852,953,965,914,827,707,571,419,252,121,19,57,168,351,536,684,807,934,959,939
911,834,751,571,401,279,168,99,6,35,85,188,361,555,671,742,797,890,979,994
131,20,22,51,101,182,294,418,539,634,654,623,556,463,361,268,203,188,215,303
774,660,509,403,393,445,567,704,933,1094,1268,1342,1305,1183,1017,820,662,532,382,385
947,857,761,553,452,253,162,108,35,19,35,87,195,359,546,713,878,912,892,846
909,773,664,558,394,246,104,17,41,120,258,424,648,799,867,896,833,685,555,422
907,775,571,453,276,181,84,46,151,259,355,546,745,850,971,950,914,790,602,451
957,860,705,556,345,165,24,40,123,232,398,480,569,678,774,809,795,750,646,506
988,843,717,575,392,195,66,156,267,382,490,608,700,765,820,870,863,795,700,590
794,612,402,227,116,9,49,119,288,507,659,809,944,960,924,821,686,464,274,144
847,661,515,412,325,245,176,116,67,28,0,3,27,62,108,165,233,312,402,503
592,743,865,884,832,716,576,414,229,100,25,73,167,286,471,670,782,879,899,847
860,736,608,387,235,129,98,109,192,316,507,669,797,877,910,892,826,720,583,423
851,735,618,491,364,235,109,43,10,8,47,124,243,403,597,786,926,971,926,813
860,739,541,363,158,89,151,184,281,358,413,511,643,727,816,857,884,912,878,811
551,442,309,196,112,34,18,40,197,429,613,752,856,828,680,514,343,155,64,1
1048,954,884,781,579,442,231,123,67,160,280,498,614,776,881,913,884,786,645,486
853,751,647,505,358,257,160,68,55,101,225,428,567,717,799,954,957,858,743,601
884,794,636,429,205,70,120,283,474,642,788,865,840,727,554,356,167,60,40,97
53,183,364,564,725,827,870,779,673,535,355,195,153,197,369,567,708,850,925,971
908,817,745,582,383,227,100,14,62,151,298,503,668,820,925,938,870,764,610,407
925,836,664,489,318,157,48,94,154,270,430,608,781,910,986,990,913,774,589,390
934,815,615,420,254,148,90,107,181,327,501,640,717,700,608,491,422,333,289,292
876,764,580,428,314,227,167,139,141,172,238,334,454,591,727,837,898,894,834,740
811,682,489,307,160,47,8,1,15,64,146,257,365,389,334,215,66,39,66,174
997,891,766,641,505,363,215,132,67,13,27,125,259,397,513,617,707,791,862,921
736,611,436,249,135,81,103,211,376,564,727,826,864,839,753,634,490,343,228,189
808,698,572,431,279,108,29,67,175,349,562,716,819,866,850,786,700,608,526,470
878,746,638,469,342,215,102,40,83,148,251,405,609,743,875,952,910,786,598,461
932,882,795,682,546,393,238,105,25,0,36,136,293,516,688,827,907,944,946,907
741,645,548,422,309,208,136,75,16,61,141,243,357,493,603,725,825,911,935,897
921,802,611,405,216,110,27,59,140,268,472,675,817,922,969,934,861,749,617,446
679,847,936,889,768,631,402,241,134,59,1,20,126,294,499,659,809,950,972,878
797,695,525,369,209,108,44,74,212,457,676,817,913,951,922,833,704,536,374,223
770,605,381,159,41,52,205,383,561,714,834,926,948,900,786,645,431,228,116,9
929,801,671,570,401,238,112,35,17,91,190,288,449,612,769,886,928,890,792,665
876,773,574,414,203,103,47,88,157,257,394,522,661,783,888,960,982,954,883,782
852,744,587,437,297,162,58,4,46,121,238,404,607,768,868,931,958,940,877,782
669,501,309,168,93,63,57,73,113,177,265,377,511,657,804,925,990,982,898,740
972,830,680,540,399,259,118,-22,-161,-300,-440,-579,-719,-858,-998,-1137,-1277,-1416,-1556,-1695
886,759,584,396,215,122,66,157,318,499,611,716,816,885,873,791,647,505,342,187
944,850,741,630,539,485,361,250,173,58,17,76,188,331,443,604,716,797,933,924
1018,821,694,501,258,132,29,57,180,336,506,607,705,854,971,1088,1100,1042,889,678
740,634,493,327,130,11,113,235,439,642,742,849,901,856,734,552,342,167,56,0
835,718,553,339,143,61,118,252,444,619,764,878,939,935,864,727,524,351,213,114
945,897,775,638,409,248,74,0,37,159,325,522,680,810,960,957,875,777,575,426
886,692,584,432,235,139,96,0,40,224,376,592,754,872,917,830,692,444,283,162
823,671,452,299,192,121,98,131,228,376,563,698,782,793,736,617,444,245,100,6
550,402,234,123,57,98,190,309,513,716,816,923,975,930,808,626,416,241,130,21
589,680,686,739,849,946,924,764,773,689,553,359,116,26,97,138,351,595,767,891
796,646,464,288,134,49,34,99,214,392,552,682,774,836,838,785,676,536,383,231
822,676,514,343,166,68,60,111,292,530,721,835,924,972,942,836,658,441,215,57
760,613,433,235,80,67,112,281,505,696,815,946,988,894,739,596,420,221,69,54
725,623,395,171,39,34,72,234,508,760,921,969,884,689,454,205,30,7,48,143
736,565,415,295,215,175,175,215,295,415,565,736,915,1095,1268,1426,1562,1670,1745,1783
829,690,552,404,246,78,34,85,162,269,460,644,822,938,973,926,799,618,446,276
693,875,989,966,917,816,635,403,189,68,57,71,129,275,456,662,822,946,964,893
893,734,623,499,363,240,126,59,50,81,139,226,335,463,590,705,792,850,874,872
774,660,458,269,85,33,70,120,181,261,357,466,583,701,801,864,864,791,652,481
843,768,677,570,446,305,157,11,40,130,251,402,577,759,930,1070,1137,1103,974,784
623,386,209,116,58,109,162,317,521,691,779,827,868,821,739,628,498,352,200,109
859,726,582,427,271,136,73,103,219,410,585,739,843,893,874,793,654,471,274,84
756,606,427,226,66,46,64,112,288,495,701,828,923,958,929,798,603,435,258,66
816,732,630,517,396,272,154,48,32,78,127,277,454,649,775,917,992,942,878,769
890,780,590,425,298,107,68,98,157,270,382,486,620,728,813,862,885,893,867,820
701,897,967,933,849,723,554,359,163,34,57,107,267,472,684,822,893,907,860,755
453,712,894,941,917,845,738,599,429,248,96,23,73,137,223,409,591,734,865,908
177,581,789,904,898,809,693,505,354,160,131,209,371,597,800,937,945,903,788,630
864,757,631,509,417,333,261,214,185,161,142,128,116,108,101,98,96,99,104,112
438,712,941,933,894,785,604,422,252,64,61,107,285,509,687,826,929,962,907,769
849,665,493,367,275,228,235,294,393,507,613,682,682,613,507,393,294,235,228,275
710,755,824,919,938,933,821,651,460,269,109,87,101,156,308,499,700,851,951,937
869,954,949,885,778,575,413,230,98,33,79,127,277,466,659,828,972,936,891,756
794,677,573,400,238,108,58,104,160,253,400,606,811,932,955,910,805,633,454,267
709,564,429,317,224,141,106,95,103,130,175,238,307,369,421,460,485,496,491,470
662,670,794,875,906,909,859,752,590,382,165,73,80,166,341,562,789,943,1014,987
977,770,597,477,405,390,424,495,598,715,829,914,940,905,812,671,498,312,143,37
850,749,589,408,216,106,100,156,318,526,709,828,880,838,711,540,339,139,62,51
909,753,634,572,580,651,754,810,850,845,803,727,632,534,454,412,428,513,641,772
787,627,429,229,76,62,115,289,496,699,841,937,965,929,823,632,459,278,94,34
611,435,286,154,89,137,197,365,562,719,854,986,978,942,823,624,445,300,170,91
791,621,445,256,80,53,89,135,220,405,574,736,869,945,958,913,810,635,441,240
874,681,507,335,162,3,-157,-313,-466,-613,-754,-888,-1014,-1131,-1238,-1334,-1420,-1495,-1559,-1612
768,628,512,404,312,236,176,130,98,70,46,26,10,8,20,46,88,146,220,310
896,785,674,573,482,401,330,269,218,177,146,125,114,113,122,141,170,209,258,317
759,623,477,351,275,243,249,289,351,419,477,513,517,485,426,371,351,366,399,441
701,828,923,958,929,798,603,435,258,66,57,62,112,285,511,680,812,944,986,885
642,493,345,130,66,49,88,265,472,655,799,890,923,899,816,679,495,300,92,35
860,749,591,386,152,31,74,107,134,224,402,583,759,881,932,908,827,673,466,228
678,541,409,294,205,147,126,145,222,341,488,647,795,913,981,977,897,755,562,342
843,721,551,360,186,76,62,100,302,509,706,842,914,921,877,778,640,476,307,159
830,711,568,407,243,94,29,70,122,282,471,654,795,897,956,974,972,955,928,899
630,475,341,239,169,113,69,41,35,40,76,153,277,451,626,746,795,754,618,457
767,616,442,257,76,46,72,130,315,537,726,857,922,920,851,721,550,358,170,63
840,758,649,526,418,277,130,37,0,22,104,242,422,622,815,952,959,874,727,537
905,824,695,530,348,179,133,184,350,541,724,848,894,875,786,642,452,236,56,3
632,903,974,969,904,797,596,431,244,90,24,36,91,162,359,574,777,900,962,956
766,624,561,569,659,779,889,928,901,812,685,543,436,389,432,563,738,932,1054,1055
749,624,480,315,123,63,80,153,301,509,708,834,903,910,848,726,549,349,168,58
818,615,446,279,102,66,84,142,319,526,732,867,941,947,877,771,568,407,224,101
117,711,951,919,879,758,571,351,142,71,86,126,249,444,678,819,903,937,898,797
790,672,572,493,439,419,447,527,651,795,932,1044,1121,1112,1016,839,606,351,118,36
939,801,597,406,232,91,37,73,134,290,490,689,838,938,966,925,810,623,433,240
686,625,494,322,145,104,130,221,391,581,752,839,840,779,667,520,360,221,133,130
721,599,473,352,239,139,54,17,44,107,196,311,433,552,670,787,900,1007,1110,1206
654,853,960,944,880,770,587,387,215,81,33,71,121,244,444,637,805,940,967,940
872,758,638,514,388,259,128,7,-120,-248,-375,-501,-625,-747,-868,-986,-1100,-1211,-1319,-1423
751,622,551,481,432,398,369,343,321,303,287,273,261,250,240,231,224,217,212,207
876,728,602,490,417,373,361,385,440,522,624,739,857,961,1026,1033,967,828,641,438
771,614,410,207,69,54,85,139,237,366,518,683,834,947,972,936,848,722,576,401
764,603,454,307,162,19,125,276,456,646,823,964,986,903,752,601,455,311,168,26
865,670,513,305,91,69,140,297,480,662,812,933,974,955,883,763,602,422,242,63
682,547,417,302,205,129,75,47,49,80,139,226,337,467,609,756,895,934,956,952
799,699,604,423,225,85,59,76,132,293,482,672,808,891,924,910,858,779,683,582
798,603,435,258,66,57,62,112,285,511,680,812,944,986,885,684,474,324,215,143
609,448,380,399,540,760,920,968,841,620,399,258,233,344,555,777,884,850,712,507
739,537,366,206,80,84,130,295,490,691,810,906,947,912,795,631,436,248,79,65
830,647,460,289,154,59,111,242,450,662,806,876,869,793,679,551,436,368,364,398
728,589,441,297,189,112,57,35,46,96,174,304,505,687,826,915,954,940,876,765
751,621,515,403,297,210,140,93,64,68,134,234,380,533,682,810,916,964,919,796
862,774,650,466,233,43,56,95,216,426,626,784,863,879,835,733,590,428,270,145
856,749,581,379,188,70,61,108,280,497,704,857,925,917,845,745,620,476,327,195
880,746,595,421,230,90,58,92,181,365,581,757,849,862,783,627,442,261,97,24
800,688,539,365,200,68,59,106,282,484,659,784,864,894,864,775,624,425,217,63
742,589,395,226,92,39,90,152,334,539,727,852,903,892,818,692,535,369,233,158
892,750,592,411,218,88,63,114,280,502,708,848,944,981,925,797,608,438,258,64
765,645,618,675,810,976,987,921,794,600,427,266,139,123,201,394,589,735,823,846
707,590,446,271,76,59,107,302,558,743,861,897,867,762,573,397,217,69,57,67
855,734,594,444,287,147,49,67,131,220,353,529,718,859,934,914,805,636,440,247
833,669,547,448,374,324,297,292,309,347,404,478,565,656,745,827,894,940,951,924
781,683,587,483,371,251,183,137,125,145,195,269,359,453,565,689,816,934,1040,1117
674,830,893,901,855,762,622,452,284,129,60,69,146,300,508,704,843,921,940,903
762,682,587,549,570,648,758,881,979,999,936,809,636,462,310,221,219,315,493,691
786,638,481,335,220,161,189,316,542,748,891,937,898,782,610,410,209,61,48,71
689,536,393,251,160,108,76,86,144,251,386,488,526,481,365,212,64,46,77,187
787,671,543,403,251,96,56,77,119,241,431,624,782,884,920,859,729,542,322,106
830,693,752,736,663,618,527,357,216,109,70,108,221,436,615,746,881,917,988,894
718,548,366,199,63,29,47,101,200,405,583,753,864,892,830,684,473,289,132,43
823,665,581,658,845,999,982,876,785,712,629,457,236,149,242,517,766,864,903,899
703,553,392,231,82,62,92,178,366,557,724,845,928,965,943,871,761,624,473,332
917,763,615,461,312,172,48,29,57,101,274,458,644,808,925,956,920,772,588,417
773,685,581,424,251,47,40,74,126,292,499,723,878,944,981,886,731,546,336,97
812,677,518,343,226,156,152,214,351,541,709,813,818,712,514,289,92,13,30,75
806,734,597,389,209,85,58,132,248,440,656,825,922,986,927,752,561,357,154,54
550,677,724,799,790,752,687,557,376,247,142,91,82,125,215,371,556,762,912,964
785,667,521,419,364,448,596,748,919,1120,1252,1206,1184,1267,1392,1604,1883,2209,2572,2952
779,697,648,707,786,870,759,736,632,554,531,606,735,725,680,614,604,646,705,679
981,852,690,498,332,200,218,336,521,715,871,963,986,934,811,631,447,296,188,132
273,755,856,964,937,890,785,623,520,351,177,61,221,371,583,648,691,855,973,968
772,643,459,255,70,26,43,147,333,542,732,865,924,912,823,663,454,236,111,60
830,765,602,399,243,167,124,154,297,488,706,828,883,863,775,644,472,286,112,23
803,732,533,376,203,109,49,102,171,288,456,656,812,900,935,907,826,703,552,388
677,813,902,934,903,846,756,630,455,252,116,84,106,192,339,521,722,863,929,931
838,729,564,348,156,114,216,381,595,802,968,1044,964,838,657,445,246,124,73,186
970,874,751,610,451,274,129,33,53,180,338,532,749,888,953,935,844,700,522,328
744,586,413,215,70,44,117,236,429,660,822,921,947,891,816,634,441,267,120,31
725,613,515,383,273,144,105,190,402,619,784,886,903,872,892,819,746,623,465,363
805,699,578,423,245,152,187,371,567,761,885,957,948,887,785,653,516,363,219,107
805,727,630,489,296,155,92,104,205,377,556,717,802,810,778,722,660,526,342,188
694,806,902,959,983,965,925,853,760,651,531,466,456,525,657,821,989,1036,1050,1022
778,674,567,432,289,168,75,27,41,128,294,497,739,890,959,917,848,756,638,506
667,495,338,224,144,97,82,100,143,205,287,378,459,525,553,531,468,368,241,86
854,759,601,455,288,154,90,88,141,256,432,644,812,890,869,763,595,399,215,79
102,714,884,930,902,816,631,427,235,104,41,47,143,283,504,723,893,934,868,736
942,885,802,615,401,230,146,80,65,172,303,468,662,831,926,976,891,732,577,411
690,773,729,640,524,391,250,121,25,29,95,216,408,605,777,883,907,831,676,455
777,691,583,455,317,191,87,52,72,167,317,497,671,773,816,764,652,490,313,184
774,708,662,549,357,205,95,71,123,230,343,504,743,856,899,806,597,428,252,153
871,797,666,511,358,199,64,28,118,241,429,621,774,871,889,824,704,557,408,271
987,823,698,603,538,492,465,456,465,492,537,600,681,780,897,1032,1185,1356,1545,1752
814,765,697,609,506,396,290,206,146,111,97,110,145,208,299,408,533,660,779,880
740,655,448,296,139,67,89,179,330,516,690,822,903,938,864,726,529,375,248,201
756,631,474,326,192,78,20,77,181,329,509,686,812,909,950,940,880,783,671,559
794,707,534,344,193,114,139,248,431,621,779,881,905,850,737,588,418,243,105,77
995,824,744,631,505,381,255,153,71,58,134,252,420,582,718,789,696,514,366,228
852,730,572,374,230,148,143,215,354,540,722,844,901,886,801,655,469,268,117,55
788,682,541,394,255,144,84,68,103,211,381,546,672,729,700,598,454,287,121,41
810,722,623,456,285,101,33,116,240,436,582,676,740,781,703,596,458,303,145,65
812,731,607,476,331,206,114,70,81,186,351,544,712,810,837,783,655,479,297,140
749,897,925,952,958,951,933,905,867,818,758,689,610,522,426,324,216,105,92,179
762,646,485,287,137,48,30,130,269,463,679,814,879,882,828,725,585,419,244,89
951,821,729,591,387,185,73,87,179,299,427,652,764,859,935,971,914,826,786,693
501,697,829,923,975,897,745,611,425,225,95,58,55,156,274,477,690,848,939,947
953,811,656,489,298,115,98,162,313,521,704,823,858,780,675,538,376,195,80,71
760,658,516,332,139,62,79,178,344,545,706,816,884,917,898,828,712,559,391,216
947,861,740,572,384,192,95,122,334,527,677,783,858,921,938,898,802,617,392,169
732,846,890,963,898,749,598,413,203,86,75,178,291,494,695,842,942,931,879,723
719,567,398,209,111,29,91,199,317,537,715,845,920,968,892,793,578,438,250,146
795,899,943,985,908,761,609,438,238,106,66,126,247,408,615,761,835,903,899,844
731,790,726,631,469,298,131,46,51,143,284,489,680,837,931,973,877,741,594,417
1019,827,668,551,459,396,354,327,311,302,297,294,293,293,293,293,293,293,293,293
723,640,493,337,188,61,29,103,222,395,564,693,796,876,883,796,675,533,355,166
741,680,534,372,191,89,91,167,305,477,658,816,917,945,902,802,646,456,258,115
795,723,617,526,486,519,645,815,959,986,892,756,592,400,202,103,34,82,159,263
761,674,607,531,437,351,266,174,74,5,13,111,237,416,567,718,799,906,987,979
769,613,483,378,312,277,272,297,352,437,532,617,682,707,682,597,463,309,156,48
719,600,419,212,72,37,33,154,298,498,717,856,930,954,897,799,583,438,253,141
839,779,601,421,231,125,88,132,234,396,601,746,845,899,937,839,697,477,286,157
692,719,744,756,753,737,704,654,587,505,410,307,200,93,12,-73,-151,-229,-304,-374
894,774,642,471,284,162,89,75,125,248,447,642,823,950,938,871,771,592,446,271
995,738,616,463,308,167,23,105,192,275,378,498,629,777,946,839,788,700,601,426
815,728,678,540,384,181,68,124,200,363,536,673,805,886,914,849,717,628,535,353
751,878,971,982,911,773,619,446,255,108,66,102,194,320,513,725,845,942,913,832
906,783,596,408,261,139,72,56,94,190,311,462,630,781,879,929,918,869,791,691
768,772,678,522,319,143,123,176,249,347,475,627,779,879,907,850,726,552,350,190
936,844,767,697,534,382,222,102,46,109,218,405,567,671,811,890,987,934,852,758
720,654,540,391,211,82,59,117,229,406,579,737,840,903,935,891,772,593,414,266
759,637,542,456,371,274,188,112,54,18,24,116,238,425,603,746,823,825,773,690
625,534,470,378,189,75,111,262,437,639,770,831,872,834,759,652,503,399,229,83
754,894,988,963,902,850,708,594,452,264,162,74,119,199,300,513,722,802,891,861
946,836,756,588,401,263,138,140,246,383,523,643,729,767,724,631,487,306,118,40
771,622,441,243,101,108,205,358,578,752,876,939,933,867,752,597,416,221,106,60
713,742,675,498,359,261,249,282,377,516,666,800,888,911,864,759,622,480,368,315
830,742,584,415,232,118,67,159,269,477,706,861,941,956,877,782,568,413,236,122
753,843,932,962,894,776,631,503,355,203,92,44,85,191,305,457,648,781,874,923
691,817,907,958,899,768,623,459,273,147,83,100,187,316,522,741,882,952,932,853
810,738,601,517,492,550,659,786,879,948,965,909,801,648,460,257,79,31,123,258
922,822,725,580,425,264,119,48,87,186,317,515,735,873,918,856,790,675,511,337
968,801,625,422,287,190,85,95,145,248,406,608,795,874,946,940,868,788,675,467
735,874,952,965,917,821,684,521,352,178,112,127,223,369,543,721,847,933,973,953
803,728,576,416,216,93,42,101,233,404,598,738,837,910,910,844,760,618,441,257
765,686,654,702,825,874,827,734,616,477,326,227,187,201,267,383,543,708,826,872
679,739,828,927,966,898,751,613,438,286,138,46,35,114,235,435,683,865,944,959
793,700,692,776,793,755,690,608,524,399,316,355,555,638,630,579,422,266,189,208
762,748,619,445,252,100,61,148,293,487,678,832,926,969,888,775,633,466,284,131
846,789,611,453,304,204,144,134,176,265,383,514,674,815,911,950,913,804,643,467
699,784,896,966,938,839,709,566,395,195,97,71,94,173,292,496,705,859,943,972
774,696,549,350,200,108,132,235,407,584,737,837,879,803,676,508,317,138,70,128
743,706,644,559,451,329,204,97,37,84,199,368,563,754,889,938,880,780,632,444
789,659,541,459,489,589,729,876,972,964,868,777,613,437,246,152,98,106,191,325
870,783,663,513,335,167,102,144,285,482,686,826,905,947,892,798,628,439,243,143
809,731,628,465,258,126,101,156,287,480,695,847,923,947,880,719,508,365,270,250
777,703,563,380,196,108,65,84,157,231,332,483,590,645,664,626,536,402,244,87
978,843,768,658,435,264,124,43,93,167,272,494,665,756,890,899,944,891,824,689
607,544,416,304,256,265,337,480,688,835,920,965,924,826,679,517,341,183,84,78
716,646,535,371,220,116,109,182,305,506,738,888,944,917,819,670,506,347,190,78
789,742,655,529,434,354,354,389,459,554,647,707,720,687,617,522,413,307,224,196
800,721,565,358,201,117,183,380,595,774,903,967,932,855,759,557,391,229,118,59
675,770,838,891,922,882,793,670,518,341,161,100,115,199,328,509,705,857,923,910
820,742,634,478,288,127,59,70,166,327,513,694,827,894,887,815,689,526,351,193
710,781,899,971,940,868,700,528,331,140,25,40,124,263,461,660,829,931,898,829
