870,771,620,434,247,104,9,48,182,356,550,718,824,933,975,908,795,628,452,255
899,800,606,397,218,110,78,170,350,532,697,823,909,944,945,915,857,770,655,531
831,737,568,466,424,503,638,777,854,889,876,827,745,643,548,482,476,532,638,775
751,658,388,304,98,37,111,242,457,619,834,922,948,846,728,523,332,151,43,61
797,641,454,276,146,70,123,252,465,645,759,871,959,969,922,789,606,376,228,100
787,633,442,259,128,54,43,117,252,453,645,788,882,908,848,722,542,342,170,87
858,746,573,404,261,160,106,156,290,462,631,772,854,877,844,761,649,518,390,292
850,740,603,446,284,144,47,83,182,343,521,696,830,896,918,913,879,821,73,678
850,789,651,488,283,98,142,294,516,679,832,909,936,933,800,628,420,243,137,65
906,802,628,432,233,106,29,47,149,299,503,703,833,932,943,890,785,599,399,218
840,782,613,411,232,87,21,78,161,352,527,710,863,955,968,905,776,596,397,209
887,804,626,416,238,110,28,60,171,317,519,678,868,978,941,817,625,398,221,109
781,674,537,383,234,119,45,28,98,218,394,587,756,878,937,920,827,664,452,216
805,623,422,240,126,43,73,178,347,540,731,829,925,938,890,790,601,426,230,127
825,697,543,416,321,258,229,241,293,380,494,617,723,789,799,764,687,577,446,318
835,764,590,386,203,108,84,123,250,450,633,752,824,848,821,755,645,505,351,192
967,867,810,624,454,283,176,69,17,46,183,323,537,746,840,955,976,940,837,652
840,750,595,417,249,110,43,70,198,336,523,722,838,919,949,914,820,656,458,270
831,752,591,397,204,86,42,158,343,549,728,845,928,955,921,827,684,512,332,175
766,611,438,278,152,55,95,178,320,481,674,801,944,960,910,781,595,417,242,106
918,811,620,445,251,148,69,34,132,281,473,676,818,949,987,934,827,645,431,222
863,768,571,402,238,122,52,26,109,227,399,564,729,872,940,944,842,679,469,277
916,817,636,430,253,137,70,41,152,328,520,723,839,935,980,948,846,672,468,290
801,698,546,420,327,292,389,558,738,868,951,975,948,875,764,629,477,357,301,318
768,635,503,420,395,421,571,754,983,1132,1247,1357,1227,1114,1000,998,1021,1167,1302,1312
983,881,803,627,409,247,137,63,32,160,313,505,695,803,939,950,914,801,614,429
911,817,643,453,263,151,44,75,189,359,553,743,889,972,994,942,821,647,465,288
959,853,715,571,456,346,269,197,138,91,57,38,44,73,117,209,348,518,693,829
839,688,532,415,325,269,349,508,694,798,897,962,963,896,757,571,378,191,82,34
847,731,556,391,229,109,43,92,238,409,616,779,881,889,779,587,346,161,70,12
807,607,412,223,131,41,101,227,457,670,803,897,937,907,817,648,430,231,95,27
864,727,541,345,182,64,77,216,389,584,748,846,896,895,848,768,668,561,465,392
875,794,645,481,317,179,93,32,87,179,321,448,566,694,759,765,698,588,442,290
789,874,903,832,674,458,279,147,68,37,122,256,454,645,810,925,979,951,851,692
907,854,727,558,382,205,95,41,135,274,466,657,801,908,963,951,877,748,572,372
879,766,577,405,237,110,29,49,126,270,461,622,777,867,865,772,640,496,364,242
963,876,800,632,441,247,128,62,65,138,298,502,698,829,942,951,903,806,611,436
843,708,527,319,165,78,70,144,281,485,672,805,888,918,893,813,684,516,328,143
981,851,728,570,404,262,169,66,43,125,253,443,614,795,905,988,938,862,744,590
916,798,614,429,263,133,45,30,131,295,506,681,817,936,988,944,824,652,453,249
838,784,619,431,226,79,0,38,153,322,526,716,849,918,927,878,781,647,486,312
809,696,578,470,405,418,518,670,836,960,1001,944,828,670,472,280,137,77,125,278
673,537,376,192,74,31,61,156,297,472,674,829,923,959,934,849,716,530,319,140
740,603,437,247,122,65,90,199,371,548,707,810,840,793,676,521,362,203,80,37
815,688,545,377,207,89,109,258,433,618,792,925,992,972,878,741,580,405,226,118
775,633,438,227,105,53,72,182,349,547,736,880,959,968,934,776,621,421,219,111
737,582,403,199,108,87,128,270,425,609,775,902,978,992,936,815,656,468,276,142
826,689,513,325,157,76,91,196,387,541,700,816,878,890,853,763,635,474,297,125
824,699,579,427,293,153,78,51,177,334,498,698,832,914,942,912,823,694,526,350
823,722,584,399,186,62,106,230,420,629,813,925,961,916,804,654,464,252,120,49
818,686,575,411,196,72,65,204,368,516,731,886,962,980,925,772,621,435,226,113
825,680,502,319,150,14,56,188,371,528,672,762,768,700,582,417,249,97,8,65
787,674,548,423,308,228,169,126,100,92,98,111,131,156,183,212,240,265,284,296
760,626,444,234,109,63,98,213,391,605,795,912,950,908,784,622,409,243,128,70
819,741,608,426,218,102,79,191,352,537,720,851,926,946,909,816,685,529,359,195
820,674,455,269,130,37,20,145,308,495,683,861,936,952,923,757,582,382,197,104
794,679,534,375,198,62,28,134,276,443,648,823,925,961,937,833,682,498,289,148
800,667,493,285,93,39,117,266,441,631,802,920,956,935,869,749,578,367,194,78
823,684,497,290,141,68,82,198,349,521,706,869,968,987,938,817,655,467,271,148
780,657,526,373,229,116,69,96,213,378,573,782,957,958,886,767,627,436,237,116
711,886,961,947,858,710,525,310,143,26,14,126,290,467,671,846,954,990,904,760
735,587,413,207,60,29,134,282,455,660,825,936,986,871,715,527,318,137,38,33
784,651,512,340,155,86,112,251,396,601,770,890,964,978,937,825,674,488,289,161
794,656,466,257,135,68,91,214,397,607,799,924,972,946,852,714,531,318,145,51
813,675,547,377,165,19,11,153,303,478,689,852,957,988,943,819,650,440,251,109
822,722,581,422,269,144,61,14,108,244,419,623,806,926,961,908,776,595,398,218
819,691,561,356,189,97,126,258,453,634,796,914,982,993,957,875,758,615,446,256
791,628,407,214,99,57,86,188,358,556,762,922,1004,996,898,741,583,385,184,83
826,682,488,309,157,64,81,213,371,528,678,804,894,929,914,851,751,631,504,379
758,645,493,381,284,221,202,236,322,450,604,764,894,973,986,944,850,719,569,410
794,669,518,331,154,60,71,183,375,546,731,859,917,917,855,739,586,404,206,103
633,506,345,178,76,95,249,409,593,778,914,997,1014,973,879,735,549,332,163,61
759,626,423,263,153,76,94,185,345,526,707,853,938,959,930,842,703,517,301,141
755,586,398,189,90,122,269,411,604,771,882,924,915,861,779,664,526,372,210,69
815,697,542,379,214,96,107,233,385,566,754,890,962,961,887,763,589,390,196,75
791,696,570,412,246,97,6,92,255,428,632,800,911,949,924,848,725,567,382,177
755,601,440,266,117,35,42,155,298,462,662,820,906,923,886,800,681,530,365,185
821,652,437,246,120,44,36,130,282,447,656,822,926,932,905,754,596,408,203,112
798,634,405,220,132,37,27,156,291,502,673,852,933,971,880,748,620,416,263,121
824,720,548,358,172,31,20,142,318,480,674,848,937,964,927,843,717,551,363,174
815,736,612,483,382,246,101,44,67,178,352,508,679,827,928,975,962,892,776,627
904,773,640,454,288,151,61,28,146,289,464,661,823,919,952,934,878,751,596,416
788,602,388,178,73,4,16,77,195,372,545,674,734,731,669,559,419,259,110,2
738,565,315,102,60,130,277,475,689,831,924,969,945,867,749,563,334,116,65,103
900,781,627,420,239,104,91,202,413,648,837,938,934,808,611,378,198,100,172,378
914,789,628,416,227,79,43,63,185,342,514,671,818,898,924,899,814,696,558,396
791,626,384,252,87,45,12,155,277,496,683,844,940,948,924,855,681,447,204,103
862,739,537,384,199,58,7,101,236,423,629,804,915,958,913,804,645,421,186,60
882,749,536,265,123,82,176,360,586,763,875,913,868,763,590,315,120,49,67,171
871,766,563,425,208,45,83,149,255,451,676,822,925,964,933,849,607,468,218,76
873,758,614,451,287,142,68,42,96,217,411,593,747,859,922,938,908,836,741,634
924,777,609,372,238,99,63,139,265,463,677,807,881,970,996,958,846,708,484,336
844,718,594,439,306,173,35,17,82,216,412,567,689,781,840,875,889,866,816,729
856,804,674,501,294,85,35,70,189,373,560,733,874,970,991,927,788,594,371,139
765,619,446,225,104,47,110,238,435,620,805,932,985,971,898,773,638,427,220,115
942,800,566,373,236,114,131,292,485,689,838,929,953,908,803,641,420,211,103,130
907,816,615,487,366,198,64,32,10,113,307,491,652,766,804,761,646,466,313,120
889,777,605,405,229,77,45,60,174,308,486,666,807,897,927,901,827,712,566,390
842,709,609,594,675,777,914,888,852,749,546,307,109,69,135,237,375,513,619,658
885,750,569,415,196,92,46,68,198,403,615,772,864,889,823,677,469,267,119,44
908,800,585,429,202,78,45,10,130,256,464,675,821,924,986,981,924,822,619,472
832,749,595,395,183,92,27,61,134,242,447,663,824,926,946,893,760,568,359,167
896,774,614,417,208,86,54,201,309,504,674,806,897,947,959,932,868,748,586,393
810,756,680,589,491,401,325,269,235,233,270,344,444,559,661,727,738,686,556,388
868,742,577,423,266,148,102,124,244,429,636,806,914,948,914,810,650,427,194,84
852,780,616,365,172,98,128,273,463,664,834,946,986,945,833,641,421,235,132,131
838,694,482,275,129,73,29,8,38,132,268,473,652,816,921,950,908,796,630,404
876,748,590,434,239,115,47,5,16,89,203,377,535,682,803,879,903,873,785,649
737,607,366,238,106,10,106,238,366,607,737,925,970,926,828,680,504,280,162,56
880,754,530,400,288,196,34,36,160,380,565,742,866,951,976,940,846,626,469,250
777,604,380,197,88,50,106,231,425,634,794,873,867,775,605,403,195,60,17,70
875,737,579,401,212,90,57,18,106,235,428,627,787,888,947,965,947,879,757,574
734,558,317,159,129,236,427,622,790,911,968,944,833,640,404,240,141,225,400,583
891,772,608,396,267,144,64,49,107,229,424,630,803,918,954,909,787,623,401,264
833,674,474,241,101,51,90,210,391,594,786,919,985,974,884,731,536,316,111,37
838,679,471,230,119,61,119,225,378,629,809,935,985,947,842,670,436,205,64,36
879,729,514,362,162,21,4,35,168,378,526,669,748,748,687,567,392,175,52,26
978,949,879,763,623,456,294,129,62,10,35,135,259,471,663,814,907,929,877,768
773,641,454,285,134,6,109,285,465,629,777,879,926,910,839,719,544,346,151,17
837,754,620,454,247,115,91,128,274,408,603,754,846,865,830,749,625,467,275,141
880,751,581,417,213,98,49,62,179,324,491,695,860,956,966,932,855,692,493,282
848,769,595,371,225,121,23,222,457,659,814,914,945,905,813,684,520,321,119,48
904,772,611,387,237,126,89,200,354,514,659,765,978,960,871,735,566,386,178,40
779,643,437,198,63,30,90,198,356,528,685,800,865,872,818,709,566,376,153,43
865,740,552,364,157,33,13,114,254,448,661,817,912,940,898,792,636,428,208,77
864,699,466,327,182,90,36,89,210,417,619,807,920,968,903,777,614,382,254,92
915,775,588,359,203,112,187,378,605,805,941,1000,968,843,634,376,135,34,85,303
908,747,560,360,170,62,42,115,266,468,666,809,885,884,814,678,482,257,119,75
832,677,449,329,116,78,135,256,478,666,796,883,912,871,769,551,430,219,84,44
916,768,555,392,223,116,89,146,290,476,674,830,932,965,921,814,653,453,246,88
893,758,566,320,172,116,180,309,488,648,775,849,859,808,699,539,342,137,49,25
936,898,815,654,456,251,109,70,102,218,403,611,746,820,819,743,605,424,246,114
947,813,641,498,321,188,121,112,168,289,467,641,792,895,926,888,799,634,420,183
931,857,725,529,348,132,36,45,159,288,479,687,833,914,919,846,712,532,342,139
891,776,604,383,198,64,28,88,216,404,580,750,881,960,985,951,864,724,536,318
907,819,697,545,371,169,48,9,51,171,373,555,706,821,896,928,915,862,776,666
872,731,562,368,156,91,48,213,355,545,712,854,973,961,907,800,653,472,264,138
891,774,634,475,299,143,20,47,167,374,554,721,858,954,995,976,908,800,662,503
827,691,481,390,322,183,38,99,262,385,485,594,707,810,893,939,964,948,893,791
874,758,531,406,329,297,414,591,770,904,960,931,877,790,629,419,190,52,22,87
896,747,588,372,228,147,131,216,382,559,726,864,954,982,938,825,677,515,333,164
882,771,600,430,286,165,103,201,336,501,689,821,909,926,892,819,714,590,464,360
886,768,566,420,207,58,35,108,272,457,661,792,899,928,949,886,777,620,391,242
860,757,618,447,242,101,61,99,211,395,597,758,853,869,802,666,481,270,95,36
778,618,369,160,53,5,15,87,222,392,561,704,817,890,912,877,789,644,455,237
893,739,573,365,161,56,151,376,550,728,852,926,968,927,854,677,471,275,118,69
886,784,567,401,191,91,43,51,150,268,476,677,821,898,900,854,770,568,428,198
881,765,592,379,158,59,5,16,90,228,427,633,779,857,856,811,726,604,461,295
821,683,536,353,154,29,82,206,407,579,724,834,901,918,881,791,659,489,292,95
876,763,620,472,324,196,97,50,96,204,345,510,687,832,932,972,940,835,673,458
875,748,558,332,127,34,75,252,471,662,816,916,944,897,782,624,434,232,103,55
904,768,572,426,176,59,31,57,182,286,509,684,808,919,964,940,857,684,461,243
842,715,569,400,215,28,2,32,187,385,598,774,891,936,905,803,623,396,203,66
903,771,610,427,274,140,72,35,65,167,292,482,662,809,892,911,870,772,623,447
976,855,723,507,313,157,51,34,110,305,486,663,811,916,961,930,837,639,421,199
761,622,485,337,189,49,117,300,480,641,775,868,912,917,884,820,724,603,467,331
858,724,543,325,103,-122,-350,-560,-707,-795,-840,-853,-833,-781,-703,-607,-500,-391,-283,-181
857,763,543,408,170,42,13,95,239,455,664,831,931,957,908,772,588,344,140,54
846,714,532,368,253,121,76,37,107,237,411,590,750,835,826,763,666,499,352,176
915,782,622,367,209,76,42,35,179,302,523,698,840,937,965,907,757,593,411,235
917,789,617,385,246,126,55,49,55,166,277,493,674,830,940,926,876,777,580,437
748,649,526,386,234,86,40,79,180,301,509,682,807,879,902,868,782,655,480,295
893,764,590,431,203,71,54,133,263,473,686,832,920,957,899,748,571,358,200,80
874,765,607,428,228,103,100,221,412,597,751,850,900,893,828,716,568,400,232,58
936,784,604,381,198,93,53,108,228,431,652,828,942,982,930,829,662,424,147,38
897,755,563,395,194,77,14,67,197,409,621,812,941,994,964,856,684,466,243,91
782,626,396,254,76,42,21,134,259,446,659,825,940,985,954,851,715,475,340,118
746,607,456,289,116,64,39,53,106,198,322,462,616,756,859,895,849,729,556,360
800,633,434,232,95,39,69,227,413,610,768,919,916,762,610,436,234,116,29,81
828,652,487,323,163,14,93,232,384,532,677,791,883,947,969,949,891,797,675,532
903,785,622,414,260,108,32,174,319,503,707,830,904,954,876,714,547,390,217,97
910,779,610,460,313,185,90,26,0,32,129,280,460,648,807,914,946,901,785,617
779,610,429,240,56,41,59,199,352,520,686,824,930,992,994,744,583,420,244,54
743,602,438,256,72,5,61,213,386,578,763,903,986,972,849,646,388,128,9,53
832,703,622,550,471,474,416,343,266,155,83,111,223,350,436,458,480,522,610,696
662,501,358,241,173,156,190,272,393,536,674,781,839,840,788,697,580,449,325,232
828,673,481,277,100,36,97,247,430,600,737,814,832,783,676,527,353,180,39,36
755,569,387,214,52,4,63,193,374,571,717,826,908,960,879,780,662,495,317,132
771,638,432,247,131,51,90,238,402,590,729,802,796,714,569,380,187,65,53,119
833,701,536,327,127,29,89,238,423,639,843,965,976,868,698,480,253,80,11,12
759,611,431,244,73,34,182,345,516,688,830,899,920,866,746,580,395,201,120,35
898,714,605,489,387,309,278,298,372,528,720,898,1026,1075,1057,998,913,826,768,756
874,733,599,448,290,131,-24,-188,-349,-492,-617,-719,-794,-835,-847,-828,-778,-702,-606,-497
768,625,439,241,118,60,128,314,508,690,810,894,936,845,713,539,337,131,30,47
759,602,447,285,119,55,188,334,489,656,825,948,944,956,840,677,534,379,224,70
779,650,488,316,162,59,76,221,387,563,735,866,928,911,827,699,547,388,243,130
779,609,431,250,82,45,121,281,456,622,764,888,972,1011,996,930,818,673,512,351
664,498,346,215,117,65,69,199,350,518,685,815,900,932,896,803,663,500,351,235
780,614,422,240,80,22,164,317,480,661,811,925,977,951,880,730,537,340,173,45
883,650,473,293,127,75,142,251,399,559,673,771,816,824,817,778,708,611,495,362
748,641,534,427,320,213,106,0,-107,-214,-321,-428,-535,-642,-749,-856,-963,-1070,-1177,-1284
874,697,576,429,269,121,6,36,187,344,519,692,833,907,920,896,831,734,612,476
809,644,482,297,115,41,25,145,306,461,645,804,906,941,900,791,628,444,255,77
924,775,628,507,437,435,463,589,741,887,997,970,844,677,502,344,201,101,68,86
874,728,595,382,182,54,118,290,462,636,790,885,948,920,833,697,502,318,160,58
679,735,881,976,973,931,825,667,480,322,158,98,68,191,349,509,688,841,949,952
710,619,437,250,96,49,98,252,410,584,763,897,936,816,645,466,287,127,40,41
690,836,946,943,908,792,625,415,261,100,35,20,132,277,444,693,826,922,950,898
727,564,409,242,86,28,101,247,414,590,762,895,979,1009,975,876,731,557,376,210
869,718,566,401,240,94,25,35,195,360,526,690,804,906,960,890,785,626,464,293
839,648,476,293,112,7,24,156,305,481,685,821,906,951,879,724,557,389,212,39
806,672,511,327,140,54,130,287,443,617,745,819,867,866,825,751,653,549,457,408
961,794,591,362,153,41,64,222,400,602,764,857,867,795,656,481,292,115,54,76
733,568,403,238,73,642,804,959,939,750,586,431,278,122,40,186,348,533,726,843
785,616,419,242,119,36,7,131,278,443,625,803,946,976,938,833,673,468,256,76
864,700,540,389,253,135,47,27,168,324,513,714,838,902,904,782,615,454,296,133
755,590,431,237,113,15,35,174,322,508,712,834,909,958,884,731,568,409,213,89
849,679,530,392,290,247,320,472,638,787,892,941,924,842,722,576,430,312,261,286
823,657,494,338,191,73,5,62,178,348,502,670,831,944,943,844,731,606,468,315
861,690,487,280,104,52,152,306,494,688,826,933,993,996,944,846,725,602,489,410
750,601,435,252,84,5,37,195,382,594,754,879,956,982,928,803,634,436,222,15
799,649,498,351,209,101,41,40,101,211,355,497,635,747,829,872,871,815,710,578
748,625,443,253,101,32,114,247,421,615,787,913,974,954,854,685,457,198,26,48
787,608,441,241,120,86,171,304,478,652,801,907,942,893,759,574,379,200,63,20
756,587,408,226,126,50,64,214,389,573,719,822,876,879,828,728,586,422,253,107
726,581,379,219,82,54,79,208,370,551,735,829,882,873,802,669,483,292,129,24
817,634,398,165,28,48,200,377,574,759,884,948,935,832,660,439,199,70,105,238
943,792,606,393,184,32,4,124,267,432,610,805,897,936,889,769,600,410,206,108
743,579,391,215,74,1,42,157,322,526,695,800,904,940,906,798,637,466,287,120
791,625,454,271,79,11,69,232,415,618,789,915,982,973,881,710,496,278,81,12
896,732,591,405,201,58,131,275,453,639,797,915,974,961,884,752,582,388,185,50
690,833,944,947,902,788,618,416,264,100,47,17,147,298,458,708,831,930,955,909
932,750,577,416,229,110,20,68,222,394,571,713,821,894,939,848,699,513,312,121
756,600,438,263,88,6,37,185,356,545,723,868,952,961,891,743,536,329,161,40
828,677,480,249,28,61,248,503,742,887,936,864,687,446,177,5,48,230,460,655
802,616,430,247,77,10,52,206,376,525,642,722,762,760,717,636,530,408,283,169
759,616,446,260,68,62,153,310,494,665,833,937,959,904,775,603,420,251,85,38
613,431,243,97,66,156,303,465,641,813,927,957,914,802,633,428,236,125,207,379
866,679,447,204,65,145,315,517,697,818,871,843,750,605,422,239,86,37,126,280
682,505,330,183,73,10,63,227,427,607,748,824,819,735,593,416,229,72,28,81
752,590,424,232,111,16,15,170,322,503,667,840,942,955,888,738,587,443,249,121
876,707,567,391,208,102,111,235,368,495,623,744,852,943,1012,1055,1073,1067,1038,997
821,668,492,317,168,70,25,68,192,380,563,715,809,812,734,579,385,195,48,24
97,770,643,557,538,568,640,746,866,974,989,944,862,750,630,527,468,470,534,624
753,597,432,266,95,41,22,139,290,453,655,834,936,925,810,641,432,240,118,32
561,451,319,167,52,46,96,191,322,491,678,829,918,936,882,762,605,422,233,84
816,654,507,376,272,205,187,217,294,408,539,676,798,883,909,867,758,598,401,197
856,672,510,342,192,64,68,197,351,528,697,830,902,934,842,673,517,358,190,39
875,721,576,404,229,98,35,73,218,392,543,679,791,872,912,908,859,768,644,496
590,464,330,232,151,98,79,126,209,336,506,700,874,964,943,829,659,468,293,180
851,675,482,300,134,58,17,123,274,436,611,765,878,927,894,787,638,454,268,105
776,625,454,296,176,78,21,108,250,423,598,741,857,924,929,871,758,608,444,281
792,655,475,286,117,38,71,226,404,601,793,934,1000,950,787,569,345,157,47,31
763,609,442,286,152,83,99,228,381,553,739,859,930,947,904,813,679,513,356,214
846,681,523,347,171,5,-161,-315,-443,-536,-588,-582,-515,-397,-233,-43,159,352,513,636
786,616,415,253,118,38,47,181,341,508,675,821,906,934,894,791,638,456,267,92
884,742,577,397,219,73,30,81,209,398,583,737,859,987,942,961,804,689,523,327
868,704,557,460,432,474,581,717,838,925,935,876,759,596,411,241,113,59,33,147
773,597,436,262,75,55,78,213,388,584,766,884,947,955,906,802,654,473,278,88
939,762,602,430,248,84,20,87,206,389,563,737,869,951,966,899,770,600,414,246
887,744,613,432,265,96,50,54,218,376,564,752,881,960,922,843,714,550,406,232
904,748,605,394,248,107,-13,-121,-191,-283,-430,-517,-645,-748,-875,-929,-977,-959,-940,-860
781,611,444,254,141,100,214,366,528,677,801,890,937,942,897,802,680,541,394,249
799,638,474,292,126,8,46,198,357,530,715,843,933,961,911,788,617,445,267,72
750,609,482,373,374,409,525,693,897,1047,1213,1266,1294,1166,1013,855,603,483,381,358
731,555,409,297,231,215,261,363,516,708,879,961,948,842,689,512,325,171,87,82
882,731,574,423,282,162,57,67,198,351,536,717,828,900,937,941,913,849,745,606
652,504,350,194,57,8,116,266,416,566,700,805,889,943,961,945,894,814,712,595
1023,879,728,536,335,66,2,99,215,372,585,736,849,924,942,901,785,639,489,301
872,766,689,529,333,106,42,20,57,174,346,532,716,858,933,935,853,731,551,352
997,905,762,583,408,199,85,21,18,124,250,441,622,753,870,889,847,754,610,455
717,808,860,923,970,950,880,763,613,401,185,45,31,144,279,482,685,853,932,920
879,797,654,504,357,140,68,7,58,189,313,459,616,804,929,972,898,776,619,428
867,733,609,417,194,39,93,242,411,600,758,888,972,1018,982,892,758,578,366,139
916,988,885,791,604,441,232,131,34,33,171,292,455,670,842,904,979,908,771,608
892,794,648,443,234,139,47,40,153,283,458,683,848,915,968,932,783,615,419,226
802,730,598,430,231,96,52,25,84,213,378,570,722,850,940,987,999,974,914,824
873,763,596,389,161,52,42,156,348,546,719,843,903,905,861,786,667,506,309,97
804,702,619,468,281,99,6,90,216,376,551,721,874,931,965,961,944,920,854,765
694,585,502,360,243,516,668,812,907,903,824,697,519,310,149,11,51,164,344,501
879,738,571,376,156,33,43,183,335,508,681,811,901,963,981,922,805,654,472,259
919,841,725,552,363,172,93,21,96,171,254,341,431,527,626,729,835,943,952,882
997,884,776,580,397,196,69,57,135,277,383,525,694,861,909,956,930,798,619,405
894,779,630,444,222,31,40,163,341,527,703,865,935,955,858,717,527,316,128,8
797,689,567,436,283,107,21,55,178,327,469,634,773,854,890,936,919,856,734,568
1004,962,839,689,526,321,160,57,46,116,277,499,637,812,940,986,874,727,541,346
958,853,749,586,410,197,78,61,158,339,535,706,862,925,973,936,821,678,493,280
891,796,699,509,339,135,103,196,334,518,699,807,911,948,993,933,800,613,411,184
744,633,499,293,111,11,52,224,390,529,650,732,746,684,547,350,158,31,0,91
858,767,582,433,235,96,102,197,338,520,659,791,886,933,996,956,864,731,553,404
808,727,642,471,275,82,49,196,404,610,769,885,952,971,926,819,664,456,234,64
855,736,597,387,164,45,52,220,409,592,741,839,885,862,774,635,459,258,82,21
1013,898,741,542,317,139,52,57,177,324,515,745,899,950,993,944,872,799,625,468
880,764,571,412,197,95,38,18,122,247,408,628,809,917,969,926,805,600,435,218
883,768,593,390,233,111,53,48,136,287,509,669,804,899,922,883,785,634,441,224
804,677,502,288,122,14,66,233,434,641,779,880,936,944,907,830,712,563,388,196
866,769,680,533,260,140,95,140,303,479,618,803,918,972,997,942,824,629,359,138
925,803,630,406,187,53,2,44,201,408,571,775,892,942,960,852,704,541,327,112
904,789,624,437,222,85,62,32,118,275,481,662,834,901,976,927,805,614,462,240
932,853,742,569,408,177,76,57,200,352,533,690,817,956,968,850,661,490,265,90
803,764,655,562,468,333,187,77,24,2,33,144,285,476,705,851,924,987,936,797
955,886,771,593,419,234,129,46,49,176,312,502,630,799,928,983,926,819,645,426
980,868,770,588,455,312,123,5,122,241,399,611,769,874,968,947,820,705,477,261
876,784,600,448,244,97,38,91,211,399,552,739,840,901,914,868,767,592,455,263
847,722,543,349,142,67,117,289,468,699,856,923,978,956,867,725,524,301,113,43
897,785,637,489,367,193,80,23,12,61,167,345,504,678,834,924,962,973,931,830
807,674,533,425,371,437,487,612,755,874,945,988,999,974,919,840,746,645,559,507
986,875,706,515,351,142,69,4,15,105,254,428,643,797,880,939,933,859,731,554
977,843,674,470,241,111,139,308,507,704,847,927,933,893,782,619,423,220,71,5
972,890,751,583,373,160,52,30,96,248,431,666,811,880,868,779,639,464,264,98
900,792,674,540,370,173,41,-110,-268,-452,-589,-754,-888,-952,-986,-986,-944,-834,-697,-502
933,835,731,540,358,168,1,135,298,503,674,817,945,962,932,854,762,643,447,246
900,804,707,601,480,368,284,205,134,74,36,11,0,43,99,183,288,421,578,756
874,765,574,429,231,59,13,63,183,367,516,648,731,746,685,566,407,212,33,10
711,595,392,194,17,95,252,463,632,782,899,961,961,897,780,620,428,222,54,0
672,865,918,991,890,794,609,444,237,138,35,34,173,291,458,674,848,908,984,910
856,743,587,434,242,74,15,35,179,346,536,741,860,904,956,932,835,694,511,309
1019,913,828,698,551,362,153,47,56,188,375,548,713,849,948,991,966,877,736,556
1016,875,739,566,374,169,58,32,96,212,384,579,754,883,961,972,907,792,619,423
913,803,625,452,238,132,44,19,80,220,399,591,732,861,920,978,955,868,746,560
813,707,524,367,165,15,44,196,377,607,778,898,886,761,595,390,183,22,0,102
899,761,602,437,218,109,9,40,176,349,540,757,891,957,1001,985,921,779,600,421
979,908,800,679,482,309,93,4,125,285,520,668,835,943,967,914,799,612,456,244
876,773,639,480,271,132,103,242,410,624,786,884,888,825,710,555,374,178,57,30
884,739,555,343,165,47,17,95,241,448,614,729,797,811,774,689,567,420,262,112
1001,908,760,558,379,147,24,68,162,295,463,655,844,925,935,860,729,538,367,178
849,803,714,570,388,207,33,102,227,366,541,719,870,921,943,939,903,826,701,535
850,745,654,461,315,236,89,30,19,66,177,343,506,675,743,882,976,921,815,640
1023,888,749,576,359,226,71,28,1,91,277,450,651,806,922,935,918,854,727,548
827,751,559,366,162,56,21,60,174,377,542,689,782,841,859,836,776,680,555,413
825,759,669,556,384,189,79,4,13,135,304,525,726,866,926,898,783,613,426,222
957,849,722,540,357,185,26,56,163,277,404,604,754,914,971,923,865,748,603,443
101,813,548,335,154,73,12,54,225,487,698,838,907,892,799,643,456,257,72,44
794,699,562,383,101,75,238,466,610,789,894,929,902,819,688,504,285,107,54,228
904,786,605,407,167,-12,-170,-347,-522,-682,-798,-866,-913,-955,-989,-999,-985,-939,-881,-780
890,746,550,402,195,56,41,140,319,521,742,890,959,929,819,656,449,232,65,17
982,867,751,585,389,183,56,75,202,378,543,695,798,851,881,881,852,777,679,566
830,703,534,320,125,74,98,244,421,629,791,890,924,881,768,597,396,196,69,18
999,891,746,585,377,178,46,8,39,123,254,446,685,826,868,920,869,770,577,416
1006,898,727,545,295,26,-48,-170,-291,-490,-636,-754,-903,-947,-992,-925,-814,-735,-538,-367
1014,884,667,442,271,108,26,65,213,338,537,718,876,979,1009,966,861,708,524,336
987,856,740,566,366,181,40,20,64,232,405,573,764,906,945,987,956,854,706,520
1003,893,743,573,370,137,89,18,30,129,276,525,724,890,978,995,940,818,672,483
845,740,631,497,299,74,0,157,383,545,634,655,592,487,342,170,-32,-190,-326,-415
1070,988,890,782,598,431,247,88,2,47,197,374,565,764,912,938,864,756,588,390
982,872,721,510,295,107,74,124,267,495,618,802,930,981,978,857,692,468,227,86
899,793,618,419,244,101,78,180,356,539,732,866,924,963,939,857,741,568,376,179
764,667,515,336,141,64,60,147,265,422,594,708,771,782,734,636,504,363,236,139
703,606,520,330,186,84,51,100,242,459,616,802,936,928,786,613,398,136,27,99
859,755,582,375,195,91,76,150,297,489,685,819,857,793,647,460,281,146,74,83
890,788,614,409,262,160,68,110,254,436,598,724,801,825,801,726,603,449,283,137
891,780,599,363,198,108,186,411,594,767,847,823,733,550,315,166,120,202,380,573
900,782,593,363,209,71,5,100,239,423,613,779,887,945,945,890,789,656,503,348
989,900,759,587,375,167,33,68,174,363,523,648,730,764,745,679,574,441,297,161
916,805,590,383,211,81,39,158,344,536,710,857,937,937,870,767,618,443,271,97
877,781,628,423,206,28,11,54,248,509,719,843,927,960,945,887,784,644,478,295
1007,879,673,450,246,91,-16,51,184,381,549,707,828,894,901,850,753,628,492,363
905,789,612,390,242,110,12,63,183,369,517,648,744,790,778,715,606,465,303,140
1025,886,731,556,345,189,86,146,267,468,646,804,905,945,926,847,710,527,317,106
920,817,598,363,213,52,102,198,373,531,686,822,895,914,869,766,618,442,257,74
870,753,560,342,129,37,66,209,383,569,738,852,886,833,705,523,314,117,18,47
894,794,603,375,177,41,33,157,418,616,752,812,768,637,451,263,96,31,103,297
924,857,737,579,389,197,27,61,176,380,567,724,846,915,935,912,827,691,527,353
894,790,607,398,187,28,68,250,433,570,669,743,784,794,772,722,646,552,449,344
924,799,615,402,237,111,35,1,27,110,275,470,671,830,907,924,866,752,595,409
922,798,603,374,203,84,17,44,131,282,456,647,799,907,973,899,783,610,390,205
943,887,771,602,409,209,76,21,61,179,372,539,680,798,878,913,897,831,722,581
931,861,754,598,399,173,32,79,199,394,558,680,752,768,724,624,476,298,115,56
911,811,635,436,243,97,32,104,269,454,639,803,900,938,923,861,754,610,440,256
1015,878,701,543,403,295,231,217,255,348,481,628,763,857,882,824,686,502,298,92
891,783,613,430,234,101,35,116,312,496,687,844,935,960,934,857,717,527,312,120
952,817,614,371,186,86,104,275,456,648,802,885,897,847,735,564,359,160,26,42
804,724,595,434,267,117,19,64,157,319,506,674,803,876,884,821,699,527,338,162
943,860,695,494,275,113,28,70,228,409,580,728,834,886,878,812,697,540,361,177
925,817,637,434,244,96,27,85,188,356,542,733,874,945,940,864,725,533,313,124
810,660,497,352,222,112,31,19,59,139,279,470,637,780,882,924,907,834,712,550
908,809,617,413,236,93,3,63,179,351,516,666,784,858,884,857,777,650,486,297
927,844,657,401,122,57,311,657,836,908,611,261,14,117,507,839,916,804,440,98
835,659,485,311,139,-35,-209,-377,-536,-683,-814,-922,-1001,-1047,-1056,-1028,-964,-866,-742,-594
972,790,604,426,270,143,58,3,1,171,382,549,673,750,779,761,697,592,451,281
964,864,699,509,313,131,1,51,206,408,609,791,929,997,985,892,742,552,348,163
883,758,600,420,214,96,97,229,415,603,772,898,964,962,895,770,596,400,205,49
909,794,617,397,220,103,24,14,76,202,375,554,712,832,902,911,871,791,681,555
869,786,629,455,281,145,62,31,167,357,552,734,864,914,900,825,690,512,324,145
978,950,849,660,463,254,110,46,77,188,370,526,646,715,725,675,567,409,225,35
891,793,617,433,221,85,-16,-31,110,283,471,643,798,909,964,956,888,765,594,396
898,790,622,407,230,83,31,145,320,486,674,802,872,886,846,762,644,501,346,194
892,769,594,384,190,63,93,267,440,590,693,740,738,692,608,495,366,237,132,75
763,834,862,855,809,715,593,460,338,232,155,112,108,145,220,328,454,587,703,784
911,846,738,573,374,200,86,55,152,334,518,677,796,868,895,875,807,696,549,377
891,811,647,436,248,115,52,71,166,335,499,641,742,792,780,706,580,418,242,77
870,771,614,409,206,8,31,204,419,573,778,927,988,899,761,594,388,217,55,44
853,768,611,396,182,9,44,222,434,623,774,876,917,887,790,643,461,266,81,3
920,802,564,378,236,137,76,61,94,133,322,483,662,822,914,944,918,839,715,548
947,835,596,416,261,136,58,47,173,367,522,713,853,910,938,920,850,707,510,299
917,850,706,513,313,121,12,36,100,198,386,562,726,834,894,910,880,803,683,530
902,784,603,410,238,84,32,148,342,514,671,805,900,946,934,868,751,588,395,201
935,877,758,583,372,166,48,38,174,423,632,788,880,896,829,689,494,282,86,16
929,844,716,551,357,162,-30,-207,-398,-574,-713,-812,-868,-878,-843,-760,-639,-492,-333,-179
930,842,702,530,341,119,19,55,160,342,507,687,858,932,962,941,880,774,589,372
894,789,626,434,238,63,20,140,297,477,672,832,924,953,922,827,676,468,262,97
990,857,675,477,287,135,45,31,92,207,379,570,741,856,903,875,794,679,541,399
908,780,598,398,201,46,60,191,377,555,716,836,905,924,903,831,708,542,348,142
812,693,537,349,161,40,-72,-161,-208,-217,-191,-135,-59,63,206,388,547,672,743,750
897,766,599,413,232,97,18,108,278,464,642,794,892,928,894,786,611,394,199,55
942,882,754,573,376,178,33,16,150,335,517,677,791,840,814,715,556,384,242,145
951,857,704,524,335,135,42,61,203,386,561,715,839,920,951,925,843,717,554,370
923,798,604,387,193,47,52,213,417,594,738,837,898,915,889,823,717,585,442,307
902,806,611,393,257,163,14,56,150,276,456,640,800,918,978,904,795,603,381,233
832,763,637,455,250,81,29,111,318,499,698,845,928,951,919,841,715,548,356,154
950,890,770,589,376,194,71,24,67,180,350,519,664,767,822,824,775,681,555,427
917,811,628,438,235,92,48,137,309,470,654,811,885,900,855,748,585,386,188,16
917,779,602,397,186,66,37,160,353,513,659,788,883,934,930,869,755,598,410,208
910,824,671,457,254,90,12,56,188,383,552,685,762,775,718,598,436,253,81,12
969,833,729,527,350,189,85,24,108,234,416,564,666,716,718,672,586,473,348,227
890,785,607,404,266,116,32,67,238,423,615,799,891,935,930,875,761,593,377,173
906,784,604,420,215,79,54,184,382,563,720,844,930,980,901,783,604,413,194,68
938,864,738,567,368,159,45,67,187,379,546,692,800,857,870,841,786,715,635,552
1002,935,806,601,407,219,104,40,133,279,469,631,764,854,899,895,840,743,614,467
908,800,620,437,227,85,12,96,131,332,512,704,850,912,933,918,872,778,619,430
904,798,630,419,269,164,100,84,118,303,471,664,825,912,935,908,836,727,590,436
984,905,790,602,388,182,19,44,134,299,459,632,804,902,958,926,835,659,472,267
936,892,783,612,402,219,88,19,100,231,406,590,754,869,916,895,808,666,484,290
924,803,620,420,219,105,68,191,368,557,716,836,896,887,808,682,524,349,176,34
830,747,613,451,283,136,37,66,199,368,574,779,912,954,899,758,566,357,165,54
875,733,587,460,367,308,300,331,389,465,527,561,560,525,461,378,288,204,140,99
930,859,734,557,360,156,31,7,90,246,433,625,785,888,920,871,750,579,377,184
914,811,631,451,241,109,36,113,323,500,702,865,927,911,805,625,446,235,103,30
923,839,708,533,345,157,178,290,470,647,802,917,975,972,908,800,652,465,275,110
903,785,611,394,177,36,41,123,283,455,649,826,917,957,947,889,766,594,385,193
875,771,630,462,301,159,61,107,246,451,623,772,870,907,880,787,635,457,270,96
899,786,612,412,195,47,50,184,370,575,760,884,931,904,814,684,526,360,187,41
841,795,666,498,313,166,80,71,154,318,505,677,799,861,847,758,611,430,246,95
943,897,801,647,454,248,73,37,144,309,471,629,765,866,935,952,910,807,653,460
915,833,698,530,398,317,288,311,379,478,595,703,774,800,775,700,590,464,338,241
899,813,684,515,317,138,21,47,157,346,505,625,695,706,657,548,380,191,14,50
885,796,617,430,226,86,45,132,271,446,633,801,901,949,926,841,702,526,344,156
951,876,762,552,364,204,66,1,61,190,368,572,759,904,999,974,826,634,416,196
775,656,507,359,242,174,199,317,496,672,804,867,869,820,744,660,591,539,512,521
702,595,418,251,94,38,118,268,466,631,785,893,965,989,939,843,720,573,410,244
874,785,664,547,440,356,290,246,226,230,256,304,369,447,533,618,695,757,800,822
943,829,725,559,387,212,93,48,89,209,396,572,727,839,901,903,844,730,578,409
793,674,541,391,233,78,1,123,296,479,651,807,912,964,949,876,770,641,456,247
787,671,557,461,404,426,527,692,861,940,948,887,785,660,529,397,278,189,154,183
841,732,621,541,456,366,301,262,257,279,320,372,408,429,422,393,358,332,328,348
689,772,881,962,981,927,793,641,479,307,145,34,47,150,301,457,640,822,925,963
799,674,533,390,272,155,76,43,137,277,452,640,819,920,974,955,871,731,551,357
778,683,558,406,247,105,41,84,210,377,554,745,919,997,934,798,633,465,295,126
775,603,432,266,96,34,92,212,390,554,688,773,779,706,573,392,197,40,29,135
791,621,461,289,120,61,111,238,424,603,804,911,958,950,879,782,663,497,314,152
790,597,416,243,80,25,62,187,348,510,690,858,928,951,924,863,760,623,446,243
814,706,582,457,351,231,115,33,55,169,313,496,665,814,942,964,862,749,617,400
760,616,437,262,93,2,112,267,468,661,806,887,969,998,888,775,642,442,242,146
800,682,511,317,112,35,70,272,454,610,738,831,883,891,859,792,701,594,480,371
794,684,552,413,280,170,91,40,69,183,347,535,732,884,958,951,863,748,619,484
742,640,481,317,175,60,30,105,255,457,635,806,921,960,920,803,623,444,276,124
818,704,580,452,338,226,112,4,90,182,270,358,442,532,618,700,782,862,938,1022
826,716,579,429,298,201,157,174,250,373,522,671,789,844,815,710,552,367,187,68
780,684,542,392,246,112,7,73,177,320,496,684,841,930,959,923,810,635,424,207
772,639,460,292,127,45,37,135,299,501,672,838,945,978,929,820,673,486,278,99
763,597,426,258,88,17,45,161,317,477,668,857,952,975,886,802,626,442,268,118
786,651,460,268,109,64,170,365,557,733,862,929,920,837,689,512,330,179,82,50
820,707,592,460,317,182,68,11,57,185,344,514,705,887,958,978,930,827,694,513
778,652,515,400,318,312,374,496,647,787,890,938,895,751,589,419,246,74,17,53
882,779,661,573,477,382,303,260,265,332,443,582,731,881,999,1055,1030,954,856,761
781,646,529,395,262,135,18,93,262,429,578,697,786,839,857,834,774,685,576,455
763,608,439,270,106,36,68,195,361,544,704,825,894,908,867,772,631,451,243,28
772,630,479,327,178,34,96,218,403,587,729,811,820,753,622,453,268,91,17,65
811,702,561,396,223,55,-54,-9,87,238,440,639,825,940,964,900,782,609,398,189
796,640,441,277,191,113,51,107,230,397,574,741,874,967,993,934,797,618,423,248
800,701,590,469,342,217,101,0,102,217,342,469,590,701,800,891,964,1013,1034,1028
785,628,473,307,144,54,26,105,242,438,627,810,927,955,901,774,603,410,218,107
777,704,593,432,252,89,45,121,307,449,646,825,934,974,895,799,674,500,319,160
630,502,371,250,168,91,38,0,116,269,476,660,831,947,989,882,729,552,351,190
976,852,724,607,517,513,608,779,964,105,269,453,646,818,950,1023,977,830,641,415
768,646,509,343,182,89,167,308,512,700,835,918,944,906,799,651,487,326,167,38
688,514,336,161,3,74,173,316,504,682,859,958,975,894,789,651,484,313,141,9
887,787,645,428,232,120,62,108,242,409,587,756,900,997,1000,900,737,570,396,226
764,594,420,248,78,11,43,156,311,476,661,855,933,962,861,757,623,406,210,119
802,687,545,388,229,77,33,114,261,455,628,793,897,942,910,795,623,419,219,103
792,678,552,421,314,231,153,91,43,12,2,17,57,122,211,315,425,526,616,692
790,607,391,253,135,5,79,129,327,464,660,866,943,982,875,770,637,427,234,125
787,689,542,377,231,114,33,17,70,190,396,570,694,758,757,693,583,436,269,96
789,696,587,449,293,135,54,7,39,140,313,510,719,894,994,997,901,715,509,313
797,704,558,365,178,57,38,147,310,508,696,869,945,971,871,769,638,437,245,134
778,703,594,457,309,176,84,92,214,372,554,729,872,965,996,943,805,617,407,215
829,704,563,399,210,59,31,144,309,513,706,843,924,943,899,797,642,444,219,0
744,625,464,299,134,24,87,202,372,556,711,806,861,851,787,676,529,361,198,82
795,726,618,496,371,254,154,86,62,104,217,366,539,716,855,932,951,923,860,776
772,615,469,332,231,190,212,298,442,625,800,924,981,967,881,744,579,397,214,56
934,802,647,472,282,98,25,65,186,374,539,720,870,964,1000,903,791,646,471,286
780,684,569,431,292,154,51,20,112,256,454,629,793,876,845,706,538,363,190,42
709,594,443,289,142,28,9,100,247,454,639,805,905,921,853,710,520,313,125,50
782,662,511,335,152,16,76,192,368,539,717,850,932,958,921,831,734,612,469,320
786,674,525,369,204,56,24,122,279,476,681,859,951,968,898,827,700,500,307,137
773,637,439,229,85,43,153,303,491,679,835,927,953,909,778,603,419,265,135,24
785,622,439,267,106,59,91,198,373,551,716,853,948,984,877,752,612,456,297,137
762,618,446,280,104,37,88,201,370,553,737,873,948,971,928,823,692,505,313,133
802,698,523,367,183,102,149,269,448,630,774,870,899,844,718,555,378,209,73,44
773,608,416,221,76,47,137,282,474,649,823,924,965,858,752,633,417,224,101,29
787,646,508,364,215,62,28,104,206,392,566,717,830,898,907,860,759,612,431,258
791,592,400,241,112,28,43,179,346,525,710,868,965,998,912,805,675,520,350,184
873,783,607,410,212,114,160,329,494,599,684,781,873,957,982,868,803,674,496,344
785,677,563,446,338,258,188,128,82,49,25,6,0,1,16,41,80,127,189,260
890,743,594,439,285,132,23,43,165,302,465,660,856,939,978,869,764,632,426,239
772,673,563,425,278,135,32,18,120,238,380,548,703,807,884,936,956,948,918,874
775,684,535,436,373,268,171,101,54,58,162,267,386,526,686,816,828,777,683,568
788,673,546,423,323,274,289,372,512,671,810,899,906,831,721,601,485,388,335,342
717,607,405,200,46,104,264,432,593,751,901,995,948,865,774,649,462,307,179,66
806,716,569,376,195,58,20,116,278,462,642,815,950,1019,990,878,687,442,183,36
813,721,597,451,287,130,42,39,147,307,502,700,856,946,966,916,799,639,453,275
784,628,446,261,91,46,108,265,447,636,806,936,1020,1054,1025,949,835,696,543,395
787,634,467,288,111,39,54,142,297,497,679,844,946,977,857,770,631,442,268,124
812,691,547,399,264,157,96,100,198,373,549,714,840,906,905,845,736,594,443,309
810,705,577,431,277,126,7,62,197,403,572,730,856,941,984,885,756,603,424,228
747,609,401,267,151,53,90,205,389,551,703,773,741,617,446,282,125,78,151,311
768,624,437,253,75,25,111,242,431,617,782,903,973,985,931,820,662,483,304,150
799,692,561,358,201,112,190,355,573,745,854,900,858,696,526,355,190,112,201,358
682,545,425,232,97,70,123,301,472,648,826,943,948,897,747,580,388,193,54,102
820,655,457,320,234,302,446,622,815,914,947,913,811,657,468,267,97,5,85,219
789,638,459,278,118,84,92,217,390,567,729,853,932,954,917,826,694,531,359,197
723,581,389,183,99,132,265,408,548,668,764,818,812,726,558,372,166,47,0,55
926,749,577,376,204,98,10,74,201,383,543,721,862,964,948,860,705,520,361,182
817,654,440,296,112,9,41,149,322,486,662,846,946,931,899,754,618,414,238,105
738,570,365,200,15,14,112,274,459,624,773,891,981,965,841,674,471,291,115,36
736,568,369,201,81,62,162,344,515,684,811,815,786,659,525,303,135,69,111,239
489,677,865,962,954,928,773,621,411,261,81,26,6,115,297,476,699,863,963,960
690,772,869,952,954,926,773,612,414,267,94,15,12,102,272,439,666,836,950,964
815,671,500,317,123,20,3,91,262,452,622,757,854,907,900,838,732,604,463,308
776,633,454,288,120,30,73,196,382,576,733,848,903,897,844,748,625,476,316,167
755,579,424,233,118,37,63,190,317,494,650,768,769,732,590,416,245,82,9,56
762,593,433,257,70,10,64,208,413,574,674,787,917,948,982,926,796,659,469,304
757,597,408,208,87,93,212,410,591,752,881,972,932,857,748,612,459,294,130,18
618,417,269,125,24,77,194,370,549,724,877,987,973,929,773,602,408,235,71,0
845,705,564,409,235,63,2,38,147,333,525,710,879,964,992,949,836,680,510,336
692,525,680,840,930,929,865,713,564,446,369,378,573,810,957,967,901,757,618,428
829,655,467,266,82,6,51,193,321,515,695,861,950,920,769,605,404,258,79,5
878,720,614,445,230,60,56,185,361,542,728,884,998,987,953,816,654,478,298,137
884,707,544,352,186,31,-93,-179,-244,-275,-280,-253,-204,-135,-52,25,103,178,244,295
819,683,708,832,928,939,887,778,601,418,223,67,20,90,264,446,632,786,880,906
791,670,562,498,559,726,882,995,994,925,791,614,417,225,83,77,187,385,567,731
723,515,350,165,-6,-171,-320,-468,-606,-703,-736,-724,-684,-609,-508,-394,-266,-136,-24,77
758,589,403,239,118,39,68,185,363,540,712,825,883,864,775,643,471,297,159,75
906,754,630,426,290,101,61,144,291,460,622,778,916,955,882,767,595,426,256,80
605,468,327,166,65,97,233,412,548,662,722,708,618,486,337,185,46,25,105,237
711,552,366,192,50,54,216,419,589,740,862,927,931,887,801,684,546,381,196,23
746,592,386,221,94,43,76,197,388,582,767,908,984,980,905,764,571,363,179,59
821,656,460,296,89,31,32,126,278,441,605,764,908,924,787,625,428,264,80,1
886,724,541,352,180,66,72,204,348,527,725,892,990,992,963,827,663,458,284,108
816,682,516,327,137,55,93,267,460,621,749,838,876,862,796,690,556,404,248,103
835,720,588,402,244,133,70,83,201,366,533,719,880,979,997,958,868,724,556,377
623,438,292,94,58,168,375,563,752,873,900,827,666,482,322,121,53,105,229,392
835,703,495,322,144,93,135,249,424,619,800,925,972,939,830,666,467,274,110,30
700,579,372,226,92,32,62,206,396,548,674,780,855,899,823,704,574,376,232,96
602,397,249,67,30,22,118,295,467,698,862,971,973,934,777,593,437,248,122,34
662,496,289,134,92,127,294,504,705,843,884,823,686,507,319,153,38,1,62,213
688,498,308,117,73,147,301,450,578,648,641,558,420,272,148,92,124,257,394,504
732,537,338,155,88,132,218,381,561,739,889,993,963,790,602,406,207,100,119,258
719,550,367,190,66,33,108,285,453,674,834,939,947,930,803,644,447,266,117,15
819,736,565,396,169,58,69,209,391,529,689,811,890,937,850,655,445,244,97,7
650,513,338,160,43,52,171,362,524,694,835,932,967,942,858,724,549,368,179,68
765,548,376,216,73,22,84,223,375,541,729,873,968,941,856,707,535,360,169,58
707,555,363,218,85,0,67,170,324,494,651,781,870,920,924,876,784,654,497,330
831,685,526,339,136,37,40,147,330,512,692,828,923,970,903,769,602,404,231,83
599,732,891,982,993,947,828,662,462,270,105,26,47,150,328,514,699,865,984,959
793,610,418,266,70,22,111,285,475,638,812,925,947,910,768,606,415,253,82,3
703,537,339,152,58,74,163,330,514,688,821,889,862,747,573,380,158,46,19,103
901,750,619,425,252,92,0,63,187,380,562,735,876,969,994,949,814,629,448,292
705,535,358,179,22,104,230,400,580,725,833,915,942,886,758,589,403,222,73,6
758,590,413,242,97,25,42,147,327,502,674,833,937,971,925,804,638,454,273,100
670,864,959,948,925,791,604,396,233,48,15,125,337,513,697,814,896,965,935,844
867,965,947,920,766,602,397,249,67,30,22,118,295,467,698,862,971,973,934,777
1038,711,531,408,599,846,998,1021,960,798,579,375,227,133,111,181,333,581,805,953
840,710,585,437,270,108,60,108,258,398,561,691,829,924,954,904,768,606,410,224
611,432,276,145,80,79,149,305,480,647,846,971,986,935,819,655,460,261,89,4
773,609,405,257,75,38,30,126,303,475,706,870,979,981,942,785,601,445,256,130
859,731,554,379,193,77,55,131,277,470,641,805,913,963,953,880,748,567,380,194
917,781,655,482,290,109,-78,-239,-393,-576,-737,-803,-779,-651,-466,-240,4,145,240,297
730,564,365,178,80,194,399,569,751,885,977,935,755,584,387,209,102,117,234,422
674,559,404,235,73,3,51,155,326,511,691,856,982,981,943,786,605,450,272,100
725,541,375,209,42,-124,-287,-452,-610,-751,-874,-972,-943,-888,-802,-693,-572,-434,-292,-152
839,735,566,390,200,98,94,209,407,575,733,829,840,763,651,505,337,164,34,4
672,799,877,915,877,843,672,527,335,150,26,8,65,221,448,629,780,894,924,903
652,730,845,937,994,990,937,851,744,620,481,340,207,97,12,54,173,343,525,707
811,649,435,276,152,57,81,223,342,541,719,879,952,964,908,786,618,429,242,90
883,702,559,380,140,35,56,167,349,553,748,908,957,897,742,585,403,205,91,89
629,446,251,92,2,106,246,423,602,736,841,897,874,775,611,415,218,70,11,71
846,688,547,368,191,67,69,192,368,547,688,846,974,945,812,612,396,191,78,32
845,725,647,536,415,299,209,152,143,180,262,375,509,657,804,929,1005,1032,1007,929
835,693,480,308,135,42,41,134,307,482,679,857,960,954,784,592,411,242,93,20
583,666,775,870,937,980,996,962,875,753,617,477,355,274,249,282,369,503,663,826
863,702,517,310,106,5,55,158,340,526,728,873,958,981,934,820,654,461,255,81
807,645,412,220,137,97,116,241,407,596,781,918,1003,1004,951,846,695,518,342,196
897,739,562,384,189,77,84,207,395,582,734,858,947,997,1006,974,901,797,664,520
839,712,545,353,163,59,76,212,364,509,680,858,956,940,814,638,452,230,101,110
753,605,436,270,95,32,101,232,413,591,787,893,914,877,778,652,492,307,122,40
816,686,495,313,110,4,41,118,307,496,662,860,978,974,928,756,589,406,234,61
855,738,582,449,245,90,33,60,144,306,473,628,758,854,895,852,749,574,416,216
829,683,536,361,141,21,56,158,328,506,656,793,885,925,876,757,605,429,243,62
775,590,448,188,105,71,165,358,489,677,820,941,968,956,804,650,462,276,122,17
699,794,868,901,900,867,795,692,569,446,321,225,166,155,194,285,419,586,763,904
785,612,443,279,127,88,73,181,335,509,681,813,894,918,875,771,612,413,201,120
851,751,628,489,329,160,43,33,137,288,447,634,783,914,955,925,834,705,554,397
868,737,601,483,380,293,221,166,129,110,109,126,161,214,283,368,466,576,696,823
685,503,335,201,108,57,57,108,201,335,503,685,839,938,959,893,753,570,365,161
529,676,800,886,928,926,880,791,665,512,350,194,65,58,92,192,363,514,625,673
761,589,437,293,166,68,23,84,227,398,588,764,902,962,944,854,703,507,289,127
723,559,384,215,66,38,141,288,460,657,800,910,954,915,794,624,430,235,76,35
728,575,371,150,57,39,91,221,403,614,798,926,974,944,840,687,485,252,117,47
789,682,545,394,235,102,34,45,158,324,491,662,800,919,984,986,923,793,608,398
724,587,423,248,94,37,85,238,400,563,705,817,905,958,971,939,864,756,625,477
881,752,574,376,182,109,109,191,360,536,687,803,876,895,841,718,539,333,128,31
763,585,401,206,118,55,40,146,314,474,659,806,960,970,905,769,596,417,218,123
807,652,443,201,87,107,248,411,594,746,835,864,833,748,623,471,307,152,37,3
738,568,387,192,106,38,91,176,311,452,628,756,855,910,912,860,756,616,442,247
917,784,596,410,217,123,61,40,139,310,482,687,824,954,962,939,805,617,429,238
866,746,584,405,202,111,84,152,307,464,615,742,817,863,877,844,756,618,438,229
792,650,477,283,101,8,0,78,243,407,572,718,844,937,987,987,928,808,638,440
875,713,507,298,111,43,34,91,231,432,605,755,885,969,997,958,849,688,494,301
879,746,602,468,364,300,284,300,336,391,451,502,534,542,523,475,408,333,268,220
842,707,526,328,128,60,111,199,322,457,637,799,913,979,977,907,768,579,373,187
856,696,530,365,212,77,41,121,292,457,642,788,931,965,888,777,621,456,286,147
882,746,582,393,195,128,91,93,132,215,312,434,571,716,864,981,1037,1005,880,715
712,888,987,988,930,813,653,462,260,109,55,44,139,313,484,666,821,942,987,945
793,625,465,316,188,88,19,28,116,275,436,609,762,879,948,955,900,785,620,473
784,598,394,185,104,17,68,178,351,507,685,828,953,965,903,754,580,387,186,106
794,610,413,217,103,75,133,277,428,594,744,856,918,922,872,775,641,480,314,170
747,607,413,188,68,20,54,147,305,477,661,804,939,974,913,758,576,384,192,0
925,803,624,432,241,75,32,138,305,464,646,793,942,969,892,717,503,283,160,80
806,654,514,336,139,26,113,253,428,622,763,876,946,968,942,868,754,607,431,238
689,476,269,129,58,25,41,107,216,383,565,752,902,981,959,835,650,407,128,52
960,816,624,422,233,96,39,30,73,176,337,504,667,798,896,950,948,892,781,638
795,669,511,317,108,59,173,351,512,667,785,867,918,919,871,767,616,428,221,102
791,640,447,227,112,45,41,141,318,485,664,804,895,938,873,730,551,363,175,81
816,652,438,230,110,59,73,187,342,466,621,773,878,920,892,791,641,470,311,172
761,607,420,212,99,60,141,274,417,586,745,892,982,988,932,821,661,461,242,114
768,583,407,239,104,52,67,154,311,490,664,805,901,948,937,871,755,604,431,246
786,626,431,228,123,43,65,182,360,559,740,861,920,924,875,776,638,471,286,101
746,602,420,221,144,133,196,333,531,763,936,914,770,596,413,219,127,96,121,246
844,674,481,275,134,62,60,133,270,456,628,756,836,879,852,760,616,441,252,95
906,776,600,405,204,125,59,42,138,315,474,656,801,948,970,890,750,572,389,195
854,725,591,376,158,81,72,144,294,474,663,802,940,949,912,753,556,312,131,35
836,680,511,353,227,144,98,92,124,268,458,634,768,842,840,764,638,476,300,136
833,690,528,354,189,54,2,21,103,251,452,622,756,851,899,902,864,793,697,583
819,976,984,860,696,501,296,111,39,24,80,253,423,618,773,899,959,946,860,724
790,616,439,253,98,46,110,295,470,666,799,936,967,889,769,607,432,253,98,49
868,732,576,406,227,69,27,104,236,414,622,799,907,911,810,657,463,260,137,88
804,661,479,305,160,56,35,123,269,449,601,758,880,957,974,922,803,634,436,216
702,570,370,146,54,37,126,288,467,649,797,926,936,911,773,598,406,200,112,52
659,514,333,120,70,147,305,425,532,640,738,821,888,937,966,976,964,931,877,806
743,618,433,238,94,15,58,153,308,448,633,786,912,990,1006,975,885,744,561,363
616,783,908,974,975,912,791,622,424,216,102,64,161,301,455,629,785,903,972,967
709,528,332,128,79,151,297,453,646,796,911,966,959,893,759,586,384,165,59,41
815,660,468,235,133,53,115,239,412,603,758,853,889,866,786,646,458,236,104,53
987,849,682,491,283,116,39,28,88,221,402,583,741,872,964,996,965,873,723,528
857,730,555,366,176,63,64,175,366,552,718,846,929,943,886,758,587,392,197,30
835,692,510,311,131,52,24,81,195,358,507,649,714,684,563,396,217,68,24,38
756,571,396,225,70,44,145,305,484,660,795,887,934,937,896,811,691,549,395,236
752,584,398,195,96,131,254,386,526,670,806,922,996,993,916,786,615,409,190,92
827,680,519,320,92,22,74,219,399,588,755,879,943,939,877,763,605,421,223,100
792,603,398,194,87,76,160,321,472,656,793,907,993,964,823,654,470,282,100,19
777,676,555,408,236,86,22,16,78,221,392,566,719,833,899,904,845,728,570,390
741,563,373,172,82,115,291,475,639,757,850,904,906,857,759,621,459,288,127,83
777,615,445,284,137,73,94,190,351,506,657,788,887,942,949,909,830,717,578,426
802,650,483,314,156,20,35,129,287,449,624,783,898,963,974,930,828,671,487,300
837,691,578,419,229,74,6,32,133,304,459,614,745,843,905,928,909,847,749,625
822,689,529,347,156,64,60,153,334,506,692,812,924,906,775,588,380,187,92,50
726,567,415,267,127,56,57,129,268,420,576,731,868,974,978,954,811,633,442,243
711,586,405,193,53,43,161,332,492,687,837,950,966,873,729,550,369,190,76,13
700,635,514,353,170,28,0,53,148,285,472,679,816,937,966,878,689,441,168,83
537,381,181,82,57,148,310,487,673,816,937,993,966,868,706,502,286,98,50,47
867,734,572,389,190,100,58,145,277,435,612,764,874,937,945,889,771,600,401,194
788,615,404,192,94,119,245,406,594,768,869,899,864,752,592,392,184,89,105,230
822,705,568,402,231,100,3,55,174,349,532,745,914,993,966,835,666,466,241,104
857,733,574,371,165,42,1,9,83,218,409,608,782,913,987,993,934,815,649,454
816,672,491,292,95,-62,-200,-202,-132,-14,103,258,421,612,779,883,890,816,683,515
525,381,195,53,47,169,335,502,659,797,887,905,845,716,532,328,137,75,54,89
817,701,528,324,136,28,10,82,198,361,556,753,893,962,956,875,734,543,330,135
827,676,512,338,166,-14,-198,-365,-512,-631,-715,-758,-757,-712,-627,-509,-365,-204,-34,137
379,245,155,103,109,191,330,505,672,794,857,855,785,650,469,266,117,46,35,98
835,688,521,346,177,69,20,24,113,276,416,581,738,874,971,998,944,816,627,393
496,667,820,920,964,888,778,637,439,205,120,18,63,169,326,462,687,869,975,977
623,456,266,119,39,49,157,335,496,688,805,942,940,897,776,602,407,214,108,61
756,593,419,263,114,52,36,117,298,466,683,843,929,936,910,780,600,417,210,116
804,649,481,325,202,134,140,222,365,520,667,767,817,811,755,657,523,367,196,20
767,575,396,202,105,120,240,367,493,603,696,763,799,796,754,676,570,445,315,197
754,608,421,209,109,62,84,182,327,536,730,858,948,984,954,860,716,532,342,180
653,718,836,914,960,939,853,722,554,364,184,70,20,83,200,381,538,711,842,938
790,613,420,224,114,79,108,198,349,537,727,870,959,981,931,806,628,432,249,91
871,732,564,383,197,41,27,153,343,510,663,804,935,951,935,880,795,696,586,472
759,602,429,244,76,4,156,340,514,686,833,946,999,980,899,753,561,350,149,42
856,712,545,364,176,3,58,170,346,543,713,851,944,979,957,878,739,555,349,130
826,700,583,465,369,313,304,334,401,492,599,697,766,783,746,663,550,424,303,214
773,605,435,229,121,92,108,234,395,572,759,900,974,960,876,725,558,382,198,88
891,797,644,462,281,110,-37,-183,-316,-429,-514,-571,-595,-581,-530,-446,-336,-209,-74,64
852,748,587,402,222,60,38,125,297,472,688,826,964,923,823,690,502,286,109,42
881,745,597,424,222,81,17,36,142,298,486,650,810,926,948,871,723,561,380,191
934,781,668,475,292,176,76,17,4,87,247,464,658,816,946,962,876,751,605,431
753,596,407,210,77,23,98,284,494,725,869,969,995,937,827,665,480,270,125,40
873,725,556,365,169,32,43,204,401,569,724,847,920,924,857,717,525,305,90,7
920,761,653,499,321,182,68,84,200,407,616,800,914,974,943,825,646,452,253,110
840,710,534,336,143,72,127,280,462,669,836,917,898,747,579,392,210,87,46,82
867,770,632,466,297,151,102,151,297,466,632,770,867,919,942,970,834,686,454,275
868,745,616,482,347,221,133,55,33,121,286,465,697,833,948,927,878,780,622,462
900,771,632,468,286,142,98,112,252,405,580,741,868,951,967,909,793,632,452,258
827,733,623,509,401,297,199,107,21,69,154,286,444,614,780,925,1020,1009,907,798
864,706,518,286,156,95,143,289,453,649,789,897,943,929,854,725,549,343,130,43
787,616,432,233,107,80,157,343,518,752,891,954,921,808,638,458,283,136,89,76
849,709,579,396,194,10,46,153,346,523,742,861,918,889,767,593,376,174,51,32
825,699,564,419,266,124,4,-109,-218,-312,-372,-392,-379,-340,-280,-208,-136,-69,-22,21
803,742,596,405,212,85,44,106,267,464,679,831,929,949,897,768,576,363,163,43
738,572,388,179,34,37,156,321,528,719,858,943,950,869,737,555,334,135,35,17
760,580,392,203,39,-108,-238,-365,-494,-617,-738,-840,-924,-989,-1002,-976,-917,-865,-789,-692
821,684,533,376,234,92,48,104,267,451,665,827,938,968,913,777,592,372,164,51
800,633,431,232,63,2,46,179,371,545,729,864,960,979,913,774,595,388,180,33
788,670,522,350,154,29,11,36,125,293,468,688,828,966,971,973,902,773,630,480
847,689,496,345,195,91,24,49,139,295,504,660,826,912,948,880,752,566,379,194
785,610,421,216,97,69,142,309,474,685,842,971,965,896,739,622,414,213,92,73
908,764,645,484,301,176,71,38,93,209,401,567,722,847,949,972,913,794,625,437
823,712,587,440,280,120,55,55,145,325,510,706,839,922,924,862,717,537,341,150
874,798,663,481,260,46,-173,-343,-447,-465,-381,-222,-27,211,474,718,893,964,923,776
770,611,421,217,102,42,55,150,327,491,700,864,981,957,838,654,446,245,96,21
883,726,568,401,242,78,-81,-245,-400,-542,-670,-771,-835,-858,-841,-790,-708,-603,-488,-372
867,733,573,394,202,28,64,181,377,541,740,900,987,987,913,760,571,373,181,42
871,770,642,485,309,155,73,91,200,401,583,727,815,834,782,668,509,336,177,71
822,726,613,481,343,211,88,-27,-133,-231,-310,-360,-365,-337,-279,-194,-88,30,140,221
891,762,599,402,252,102,12,22,111,320,463,663,871,951,936,929,773,607,421,206
836,688,542,405,279,166,68,5,13,102,282,495,696,860,964,992,945,825,648,432
724,842,913,943,940,877,761,605,422,228,53,3,33,150,335,489,668,828,940,992
808,649,447,244,106,36,61,187,377,559,753,884,963,980,937,835,694,529,351,185
859,708,554,393,221,78,-149,-301,-452,-604,-737,-851,-947,-958,-875,-724,-567,-385,-198,-32
785,675,518,328,126,44,89,214,404,603,749,821,821,750,632,484,325,174,87,70
787,639,480,305,110,0,75,202,391,564,771,899,971,878,751,573,355,182,66,57
802,681,512,320,144,30,25,122,300,470,690,827,910,957,881,764,614,443,257,87
784,620,429,221,97,73,150,326,503,709,857,959,949,939,841,723,570,388,180,86
889,741,645,521,386,256,139,58,10,2,28,136,261,443,604,788,912,965,920,817
825,679,491,335,198,92,44,64,150,293,460,650,838,942,931,806,627,415,199,64
886,754,631,456,305,161,56,42,140,287,417,619,767,896,974,980,917,791,624,431
768,672,511,314,109,-93,-310,-481,-664,-809,-885,-860,-745,-574,-373,-173,-30,79,283,484
835,680,531,380,241,118,38,31,115,288,464,689,868,968,980,915,775,580,362,146
915,761,630,502,384,284,214,169,152,163,192,234,282,328,367,396,413,415,401,368
856,759,624,466,300,148,40,28,89,213,384,539,716,862,952,993,978,907,753,631
797,643,505,367,318,420,549,712,909,959,1009,1099,1089,1000,791,648,448,240,160,175
814,660,519,381,333,435,564,727,924,1074,1224,1314,1304,1215,1006,863,663,455,375,390
835,711,585,445,297,154,31,-87,-207,-336,-458,-570,-673,-765,-845,-909,-960,-994,-1008,-1000
863,715,602,443,246,117,68,106,138,256,367,540,730,871,960,983,934,837,682,464
824,733,617,484,338,189,59,-58,-169,-292,-399,-477,-514,-504,-452,-361,-236,-92,65,217
884,755,594,393,193,81,95,183,336,537,732,877,964,974,915,780,611,417,209,103
832,701,554,390,228,81,-63,-208,-381,-555,-738,-915,-1056,-1179,-1263,-1301,-1292,-1239,-1149,-1031
891,762,599,402,252,102,12,22,111,320,463,663,871,951,936,929,773,607,421,206
807,945,993,891,762,599,402,252,102,12,22,111,320,463,663,871,951,936,929,773
721,591,389,194,56,78,168,396,559,748,925,955,878,721,513,361,164,42,17,32
974,864,706,534,349,183,76,47,111,269,450,682,836,964,994,925,769,598,400,251
839,693,574,436,388,490,619,782,979,1129,1279,1369,1359,1270,1161,961,753,647,541,628
854,712,567,398,232,86,28,70,217,390,593,766,921,972,874,735,547,345,156,66
817,650,458,253,100,47,81,230,417,636,806,916,926,856,713,514,295,142,62,72
845,704,540,348,152,71,74,174,344,517,731,871,941,913,814,657,477,275,109,79
818,680,534,392,272,179,61,-55,-179,-300,-389,-433,-412,-353,-257,-135,6,141,271,371
786,623,426,284,148,58,62,153,331,500,724,874,983,989,924,777,663,461,277,142
885,796,665,498,303,98,20,85,244,434,649,823,934,971,927,805,638,439,221,102
836,693,511,309,131,16,43,170,384,579,753,879,932,915,819,674,498,290,86,25
838,712,545,341,161,53,32,107,288,445,662,805,940,946,913,832,707,539,334,157
725,570,370,162,82,95,162,325,522,722,898,971,963,866,732,571,380,170,72,90
867,768,640,488,318,153,36,0,48,165,338,564,746,876,946,952,895,781,624,432
827,683,536,356,179,68,77,171,336,525,712,866,964,976,899,751,644,446,247,101
892,776,624,409,223,108,82,157,329,510,734,883,985,985,892,728,520,269,67,15
950,811,624,409,204,80,31,83,201,381,551,685,775,812,787,708,594,459,324,205
890,727,533,323,151,54,57,160,358,528,751,896,993,992,905,751,623,410,212,83
896,738,529,349,151,69,84,233,418,626,799,940,976,927,785,599,396,205,66,33
873,706,537,351,163,13,9,102,261,440,670,825,949,940,933,780,658,456,279,121
595,736,855,953,930,867,749,601,428,269,132,32,35,145,283,443,630,824,954,967
883,764,600,413,222,82,19,30,135,341,504,715,873,964,952,882,732,554,346,145
777,881,911,936,904,858,777,672,546,405,271,154,65,18,33,131,285,456,677,837
861,721,550,355,176,86,97,207,415,619,797,932,1009,1005,916,753,560,348,149,77
849,699,556,358,201,119,181,378,567,768,923,957,908,784,617,423,217,94,59,96
864,702,498,256,64,42,143,392,594,794,940,933,836,707,537,332,134,22,12,105
827,679,547,428,334,269,238,241,278,350,441,549,658,752,819,842,812,730,614,474
893,742,617,440,292,150,46,41,144,328,511,720,876,981,961,866,703,510,311,137
810,716,607,482,347,214,100,19,95,238,440,641,818,947,999,930,775,600,406,199
913,783,615,426,233,109,84,169,355,548,743,870,943,986,892,764,602,409,215,96
684,628,512,367,210,52,-116,-273,-417,-535,-610,-629,-600,-524,-405,-255,-92,89,260,413
840,748,652,472,299,145,26,6,100,231,441,595,701,747,714,624,488,329,177,81
784,665,516,345,168,53,2,16,97,211,350,506,663,803,912,974,976,916,805,652
847,744,567,385,193,43,3,57,211,401,563,695,785,819,782,672,502,301,103,12
887,768,658,552,447,348,256,174,105,53,16,2,10,30,62,105,158,215,275,333
848,717,497,274,128,57,105,188,311,444,582,704,804,871,902,895,853,770,651,508
835,718,549,353,160,29,96,209,379,578,684,780,815,791,728,634,515,386,238,96
857,727,562,355,192,59,9,35,125,258,436,614,771,881,915,880,778,620,436,266
953,867,793,693,581,440,273,131,29,73,168,295,486,663,800,907,962,934,838,711
911,828,712,576,425,267,149,82,3,43,119,235,394,551,690,798,889,945,956,926
892,782,610,427,224,119,51,101,192,308,498,682,809,919,964,918,806,628,417,230
895,742,555,407,194,82,60,160,274,427,653,763,860,921,989,888,710,524,327,218
857,734,588,439,243,117,54,120,240,430,604,741,847,909,924,882,791,675,545,415
897,767,615,434,250,92,18,79,192,356,558,730,871,953,970,920,803,633,426,216
825,707,596,424,258,100,19,83,180,308,469,616,741,834,878,871,799,660,463,246
790,674,506,318,186,120,129,214,360,517,655,754,785,736,618,466,310,171,77,28
717,894,977,986,934,815,638,424,194,57,65,177,321,530,706,860,949,956,906,794
908,788,621,446,284,150,70,36,52,129,252,431,592,731,829,881,904,888,836,762
803,678,492,292,120,6,48,148,304,508,661,805,918,961,933,843,721,578,413,241
791,688,537,324,171,21,73,144,262,442,616,766,894,982,991,923,798,628,423,195
858,761,604,391,237,112,68,122,255,443,606,732,793,787,713,579,394,186,58,16
873,765,577,422,214,112,53,98,157,278,490,715,812,910,957,908,795,639,416,250
839,707,544,375,206,61,32,154,337,551,745,866,882,819,687,522,350,192,72,22
939,828,713,566,434,289,141,53,68,201,350,502,651,784,893,964,960,880,744,569
860,757,567,428,213,116,41,97,199,307,421,537,646,743,825,903,966,990,974,917
879,762,569,412,200,97,29,71,157,259,446,634,770,896,891,861,711,597,374,245
760,646,497,334,154,35,3,57,181,360,547,714,835,911,951,958,934,881,805,708
867,768,572,412,247,127,43,22,101,235,410,619,762,879,923,888,759,547,387,190
880,749,552,415,192,91,17,59,119,310,512,675,820,931,938,878,786,616,431,216
862,758,611,480,273,158,53,22,68,180,342,527,714,831,860,897,963,929,802,589
907,799,593,445,230,124,26,71,159,295,482,647,784,913,953,881,715,519,364,172
770,681,437,274,121,62,109,228,394,579,739,842,893,873,791,672,534,368,201,85
851,771,653,502,328,165,52,36,134,256,448,625,755,863,925,953,946,906,837,742
870,771,639,439,227,104,76,170,308,490,651,797,892,908,835,697,506,293,122,7
842,704,534,357,209,88,9,54,134,267,453,647,781,870,911,914,888,801,670,503
806,696,569,429,263,148,30,13,104,201,309,426,573,706,885,984,997,956,852,704
817,692,571,354,147,-43,-158,-215,-172,-53,49,187,319,449,595,735,796,903,961,929
830,725,554,314,80,16,100,221,427,634,785,889,946,912,796,620,412,236,118,30
949,853,717,558,372,194,51,25,111,244,442,623,751,850,936,959,915,799,637,441
856,756,617,443,244,106,55,88,187,365,560,735,848,875,799,627,401,206,87,37
941,824,677,522,366,243,124,38,31,145,270,398,496,570,636,712,736,738,697,605
674,555,384,251,149,76,32,25,62,139,262,421,594,764,897,977,990,934,816,651
856,731,610,491,385,290,218,161,118,89,75,75,88,114,150,192,235,273,302,322
887,782,617,388,207,96,22,48,139,269,491,654,808,930,938,884,772,619,401,213
906,813,669,474,273,124,32,70,152,273,463,638,766,853,902,909,872,792,685,559
747,638,486,321,162,15,95,239,412,600,735,864,941,978,961,903,815,704,600,491
850,720,568,384,167,-63,-307,-512,-663,-743,-749,-701,-593,-435,-251,-58,135,374,588,748
762,603,395,198,41,-89,-184,-195,-126,-9,100,198,193,88,-23,-124,-254,-402,-511,-632
876,775,571,414,198,116,16,66,220,399,571,710,843,920,922,869,759,630,475,289
815,677,541,404,322,205,96,39,79,176,306,448,568,692,802,906,952,915,816,649
940,844,704,530,351,204,107,61,62,134,280,471,661,811,896,895,805,662,491,302
752,650,530,399,262,145,59,3,23,118,250,395,536,664,764,813,824,800,752,696
1006,882,663,469,289,150,84,102,184,290,469,640,751,845,836,737,628,526,366,235
830,677,498,297,94,1,38,142,305,502,678,866,948,890,783,635,444,243,107,51
808,674,576,393,209,137,32,78,186,289,459,560,787,891,977,980,892,761,591,373
848,686,581,463,340,229,161,51,12,73,152,263,415,538,651,773,896,953,987,993
829,935,945,897,775,638,409,248,74,0,37,159,325,522,680,810,960,957,875,777
844,703,505,357,160,56,1,94,220,409,582,699,724,679,577,434,275,138,33,0
893,766,572,425,217,108,25,95,205,338,553,730,832,937,951,899,769,584,451,271
833,700,543,356,149,32,47,157,346,531,676,775,820,802,726,607,459,302,160,58
924,828,731,634,537,440,343,246,149,52,-45,-142,-239,-336,-433,-530,-627,-724,-821,-918
904,798,662,536,409,297,203,123,68,29,18,35,81,163,279,422,573,716,826,875
767,628,467,276,105,19,66,145,266,454,654,794,897,919,868,747,597,429,244,142
897,962,920,789,600,395,214,98,55,157,324,538,716,830,913,944,916,835,725,574
951,830,679,525,384,261,143,47,36,109,237,396,575,750,906,980,968,872,726,564
904,810,669,483,262,53,18,124,275,461,633,788,898,936,888,761,586,380,177,69
890,788,606,411,234,92,32,96,185,315,514,700,828,923,953,929,845,727,545,388
840,763,557,413,198,88,48,104,181,286,462,658,734,821,891,920,918,856,718,485
809,660,507,288,119,49,9,116,227,402,612,794,916,961,909,802,702,499,295,176
895,771,570,421,209,100,36,68,160,278,482,685,805,910,963,920,800,616,405,232
742,628,432,275,163,89,133,247,397,540,682,802,885,938,949,918,847,747,632,490
931,872,754,603,436,238,105,43,85,185,307,473,661,797,899,952,919,815,649,441
782,667,517,384,242,117,22,70,170,310,392,500,609,728,821,885,904,886,827,734
927,814,619,405,221,96,40,101,213,379,578,749,852,877,825,700,524,324,135,48
829,935,945,897,775,638,409,248,74,0,37,159,325,522,680,810,960,957,875,777
691,783,887,938,930,847,712,503,295,155,64,19,67,195,390,595,728,875,949,946
921,813,625,430,250,125,41,3,42,146,310,515,709,834,911,931,900,821,704,568
781,695,588,458,313,158,31,6,80,200,350,477,579,682,785,889,973,964,866,734
899,756,603,388,205,100,35,67,169,292,485,697,832,945,924,831,701,545,379,192
924,834,740,623,452,246,121,38,18,79,180,330,535,721,841,914,948,920,837,708
579,727,872,952,968,925,822,687,465,301,165,55,62,192,359,559,728,842,972,975
849,734,586,445,276,99,14,37,155,309,508,667,795,879,923,923,880,796,678,530
893,779,616,436,246,105,37,63,181,376,571,719,852,928,940,882,755,582,405,244
902,799,597,448,238,116,8,52,156,275,481,684,797,885,941,935,873,769,616,421
895,783,637,479,291,151,41,19,94,227,358,491,581,665,743,784,792,754,677,566
928,823,688,537,386,243,100,27,110,229,397,590,740,833,886,902,879,826,756,679
878,775,627,468,313,169,57,28,113,263,424,559,650,697,690,630,524,382,228,93
869,785,650,514,336,189,92,26,67,157,283,481,685,819,929,936,882,772,618,428
875,764,572,426,222,130,88,163,288,431,599,764,864,922,943,926,859,751,622,460
864,759,614,448,271,106,24,7,56,174,356,548,706,807,872,897,883,826,740,635
826,702,571,432,292,161,64,18,93,221,389,591,752,864,929,948,910,818,691,542
830,696,456,279,112,60,143,276,475,691,818,935,942,876,770,582,390,198,44,17
902,745,623,509,527,593,685,803,917,989,1000,969,880,738,566,381,208,81,65,83
834,720,578,406,232,90,34,82,134,286,485,670,815,924,973,955,871,780,591,426
777,630,430,208,44,69,148,338,552,736,860,915,909,843,730,585,423,254,98,28
944,813,627,396,159,33,119,233,384,564,730,864,936,903,813,661,462,257,89,45
782,630,457,283,127,92,155,336,534,707,826,882,866,787,661,505,341,193,82,37
672,579,416,229,89,40,90,156,308,498,687,805,914,952,914,812,624,437,269,132
798,614,410,204,61,83,132,299,507,698,826,930,968,934,824,652,460,272,93,61
648,733,793,841,883,926,980,979,947,882,786,677,566,442,318,188,74,37,37,63
784,633,441,229,75,50,88,167,323,548,721,822,845,773,630,439,242,79,49,74
761,633,471,289,105,-70,-245,-404,-536,-624,-661,-650,-594,-500,-381,-251,-125,-20,68,139
760,594,388,209,73,43,86,191,360,563,741,848,889,843,717,535,312,100,28,86
609,468,324,202,117,72,102,180,379,564,723,845,923,951,926,854,745,603,431,252
754,605,428,247,78,32,70,126,271,462,658,825,968,938,879,738,590,409,202,78
883,745,573,392,208,59,41,67,116,290,498,716,852,951,970,897,753,564,364,166
753,578,398,214,66,35,84,134,282,486,690,809,910,940,906,792,601,420,234,86
714,592,425,225,78,87,136,235,379,548,720,857,937,945,868,735,569,387,203,56
615,487,356,207,89,53,92,210,393,586,771,889,934,909,819,682,526,366,221,122
779,607,394,210,69,92,172,335,540,728,851,905,879,766,588,369,130,-64,-152,-110
828,662,492,321,177,80,53,84,169,321,487,617,719,794,831,834,798,731,647,564
789,620,463,285,95,21,71,147,315,517,708,825,878,848,741,579,379,166,47,56
759,610,400,197,62,43,63,112,290,500,716,830,920,952,918,799,625,458,277,70
732,578,405,234,85,55,84,124,304,496,683,825,937,953,908,802,633,450,273,83
788,652,456,298,169,97,85,117,214,371,550,727,873,964,971,912,797,636,451,267
762,626,489,363,271,218,214,254,336,451,577,685,749,737,651,518,356,191,51,10
834,715,601,507,627,834,1035,1189,1213,1126,948,702,444,244,128,128,228,414,668,937
737,585,394,196,70,46,81,155,332,539,717,843,897,855,729,549,325,95,26,84
809,638,455,281,120,79,156,276,444,623,780,871,867,778,618,421,223,58,44,79
782,654,465,286,126,97,119,163,334,537,725,846,910,916,853,719,543,350,180,77
734,597,435,252,81,28,74,125,278,474,673,816,896,933,914,836,712,562,402,238
675,582,443,270,104,61,90,200,391,585,746,860,909,892,812,681,515,336,183,82
816,651,476,304,167,84,73,135,247,398,562,704,791,818,775,672,530,372,225,115
674,561,403,236,105,84,96,144,312,496,677,806,892,935,921,852,750,625,488,350
832,684,510,329,157,33,27,51,114,320,543,727,853,914,900,818,678,502,322,155
675,505,304,118,41,64,154,328,545,739,868,944,963,936,865,760,623,467,302,120
810,655,488,345,253,199,208,280,383,494,603,695,771,822,843,832,793,732,656,572
720,589,423,244,96,71,85,142,333,546,748,886,946,924,837,703,541,363,186,54
673,525,379,253,149,70,24,26,78,170,346,564,760,881,927,897,807,673,518,359
827,677,497,299,110,52,91,158,287,472,675,820,894,894,834,728,590,431,271,139
614,448,244,76,53,71,128,307,516,699,819,884,903,870,790,678,545,408,283,196
786,640,474,310,185,122,136,232,409,613,785,890,913,847,705,516,335,184,84,70
750,625,483,338,200,90,113,193,343,559,749,850,884,835,709,533,339,181,106,150
736,574,409,238,97,41,91,149,312,494,682,817,921,962,926,826,663,477,283,98
734,565,353,167,38,57,135,279,465,643,750,782,744,651,522,382,256,177,199,286
952,735,592,457,340,267,244,274,360,489,641,792,903,939,894,764,593,404,230,93
858,697,492,283,97,75,124,244,441,621,772,892,965,978,928,821,671,480,291,122
764,611,459,309,153,64,47,58,116,320,544,747,887,960,956,876,734,554,375,194
811,672,505,315,136,69,107,158,330,533,739,864,924,929,869,755,592,395,192,81
901,744,560,362,163,60,61,165,367,563,747,903,1021,1092,1096,1054,962,835,693,552
719,596,498,445,450,512,636,815,1005,1142,1216,1204,1111,962,782,590,391,211,79,34
737,598,522,600,861,1087,1275,1217,1069,872,674,515,537,717,995,1202,1186,968,657,347
822,683,499,293,132,84,137,294,491,662,800,908,951,933,859,751,628,503,400,344
664,530,358,214,131,137,238,431,624,784,889,932,913,825,686,523,349,200,117,121
823,647,461,269,89,34,85,137,305,505,681,793,854,821,712,541,357,211,89,16
754,612,455,287,126,55,79,125,259,432,622,789,911,976,976,912,791,623,434,238
824,662,489,311,141,39,33,82,239,427,616,774,910,973,948,873,769,636,497,377
700,678,541,331,107,60,94,190,344,536,698,777,735,597,399,207,64,51,69,149
859,711,561,386,213,75,51,68,114,287,496,724,853,922,934,905,795,622,452,277
717,586,391,153,5,-68,17,160,343,546,743,895,972,957,857,694,495,287,99,22
850,697,524,337,144,53,51,144,335,525,686,809,891,932,930,885,797,677,535,385
676,583,440,257,91,42,82,137,310,525,722,859,935,940,879,768,622,457,284,124
679,507,315,112,-68,-189,-258,-272,-251,-216,-145,-67,14,120,227,325,403,454,470,455
687,539,408,301,219,163,133,128,148,194,261,346,445,552,658,754,825,858,853,811
711,570,387,196,63,93,133,263,456,632,785,892,934,934,886,788,642,464,272,84
789,638,507,395,332,308,323,376,462,565,661,714,741,717,643,543,424,300,186,105
692,516,325,132,39,46,153,361,569,738,876,944,941,869,728,540,337,152,72,62
842,721,555,347,136,41,52,122,302,491,667,804,884,897,842,723,549,342,139,48
738,577,377,191,52,46,73,129,280,494,681,809,897,933,924,868,770,628,456,280
779,646,520,428,387,383,415,478,559,638,699,727,710,651,568,484,425,406,430,480
808,652,492,330,176,67,88,140,295,488,676,811,903,934,903,811,676,488,295,140
742,601,433,256,82,25,76,138,293,503,694,819,911,950,922,811,618,450,275,93
791,645,524,366,200,61,51,56,103,282,492,694,820,918,947,913,787,598,432,257
685,801,899,954,927,872,789,670,527,369,203,62,41,136,270,457,651,813,912,941
711,597,422,216,82,60,152,289,494,722,843,898,895,837,759,564,424,239,122,74
720,637,493,313,135,70,123,288,487,673,810,896,993,928,789,614,434,272,157,93
740,617,464,284,100,61,126,248,432,620,753,859,928,926,874,793,648,451,316,215
754,652,498,315,129,83,174,323,506,672,790,840,813,710,541,349,171,70,91,215
737,574,364,166,19,6,82,238,450,654,804,912,967,879,760,599,415,229,133,60
666,531,394,242,103,101,204,328,532,737,877,954,961,886,782,605,456,271,133,55
950,831,725,671,683,768,904,105,218,380,551,721,850,931,955,914,817,676,510,346
768,648,541,488,541,651,802,955,920,773,601,402,194,53,74,147,246,395,555,724
738,614,462,291,103,2,26,126,306,471,621,756,853,904,887,807,677,505,302,94
718,701,614,468,293,114,59,143,268,469,682,834,924,974,878,738,575,390,219,93
746,624,464,302,177,100,176,329,523,717,829,869,827,705,534,335,146,53,79,196
669,502,307,202,108,62,65,119,223,381,576,766,894,941,924,858,749,590,407,223
773,682,540,378,214,84,26,76,179,310,454,618,745,797,748,610,445,260,83,1
674,531,357,167,80,85,190,348,555,733,859,946,992,914,813,596,421,211,99,83
864,747,619,491,345,225,160,92,36,18,70,177,332,529,735,870,946,964,915,815
982,887,753,587,399,237,159,192,349,548,743,869,926,893,763,597,406,219,109,78
969,794,615,461,348,304,412,598,764,873,905,868,771,638,491,359,272,258,322,465
956,813,651,470,269,138,103,161,299,489,696,860,958,979,904,758,603,442,261,85
712,524,373,219,74,13,42,146,311,509,667,763,804,795,736,635,503,353,204,71
792,630,441,224,92,43,74,172,314,465,673,850,952,920,846,740,519,370,199,108
735,618,455,262,76,32,127,259,461,695,829,931,969,905,749,599,423,219,79,54
942,884,807,627,426,266,119,39,85,168,282,483,712,856,935,957,880,790,571,421
777,657,520,400,297,221,193,215,285,388,511,632,716,758,755,708,620,504,406,369
983,880,715,537,369,204,109,56,51,131,275,454,628,769,856,876,824,706,546,384
702,597,474,314,184,82,113,238,440,603,732,837,923,994,926,847,749,553,428,247
717,558,305,126,96,195,334,529,719,865,937,948,897,803,674,510,328,182,124,175
745,561,420,257,135,66,73,169,317,484,689,847,959,962,888,767,610,420,225,110
743,632,505,374,258,178,150,174,246,376,529,674,781,821,769,628,425,207,63,65
742,614,438,251,108,117,201,332,529,747,887,963,896,800,589,431,251,114,68,127
675,775,849,887,821,696,533,350,176,66,37,131,262,452,685,843,912,905,851,753
737,644,517,364,197,67,103,202,343,528,679,760,739,638,482,292,110,33,79,157
950,804,681,585,510,457,430,437,477,546,641,756,881,1008,1118,1183,1175,1113,1008,889
742,679,508,334,154,72,97,187,344,540,758,940,1021,972,830,622,398,202,77,55
722,624,472,300,124,95,127,224,396,578,748,885,943,908,775,581,382,230,163,197
719,542,332,207,134,165,368,542,679,757,789,779,732,653,554,461,393,370,401,487
812,674,519,358,214,111,136,262,468,715,858,919,947,860,752,577,423,244,136,75
787,678,533,350,151,45,53,176,330,524,724,868,937,932,868,750,598,421,227,117
719,539,361,212,119,102,171,325,504,703,831,878,831,802,713,575,390,200,119,110
715,606,406,238,133,85,121,221,384,590,751,869,928,911,830,677,478,277,124,68
703,618,412,251,137,59,90,197,376,572,740,847,895,867,771,614,427,236,89,21
732,654,509,350,203,116,97,151,271,448,665,818,905,934,888,766,615,461,314,190
752,657,534,389,223,62,16,97,221,417,610,765,855,871,801,648,439,211,1,52
699,609,421,242,98,53,89,182,311,505,729,857,920,937,900,811,656,468,291,141
730,621,509,491,594,733,842,950,949,882,775,615,437,269,115,72,127,263,448,687
785,712,666,627,607,606,624,660,713,782,865,957,55,159,268,379,490,599,706,809
942,874,759,597,392,231,124,76,123,234,412,618,784,873,894,827,674,471,272,118
752,624,465,305,158,64,50,141,286,437,631,783,850,920,919,867,783,666,517,335
747,568,443,380,399,484,644,786,887,929,899,800,654,489,320,183,112,126,215,365
739,611,433,252,101,93,206,386,559,701,808,871,887,855,779,666,529,385,250,145
729,596,471,369,309,308,357,448,563,675,757,791,773,712,623,523,422,335,275,262
726,604,470,338,217,123,71,68,125,237,406,590,738,823,838,777,651,481,299,144
707,639,480,299,131,67,129,235,391,598,769,878,900,802,628,404,204,81,60,159
829,722,603,441,269,129,51,81,165,299,504,669,810,917,959,908,815,640,461,314
902,802,600,425,233,92,60,166,317,470,663,819,926,946,875,778,551,407,220,123
683,827,930,973,897,749,597,426,225,90,52,58,150,277,479,680,842,949,942,884
725,680,589,437,296,181,109,96,145,259,430,625,799,920,954,900,751,593,416,233
708,567,355,195,115,162,266,450,640,803,907,953,896,811,598,428,240,137,72,94
725,582,388,224,137,195,393,592,770,891,938,909,818,682,519,356,204,127,144,259
669,549,410,235,83,2,30,135,305,471,643,800,907,951,931,830,654,468,273,122
743,612,428,223,104,48,117,253,452,675,825,931,975,892,747,597,430,235,107,62
930,973,897,749,597,426,225,90,52,58,150,277,479,680,842,949,942,884,807,627
735,589,351,131,64,125,310,510,739,888,954,926,855,744,597,423,245,97,50,115
749,597,426,225,90,52,58,150,277,479,680,842,949,942,884,807,627,426,266,119
721,592,409,211,113,151,277,495,713,881,951,898,816,691,551,392,216,128,168,304
778,709,563,417,255,135,143,227,345,536,765,920,997,939,796,636,475,308,181,135
826,741,586,374,188,98,122,280,480,658,783,840,822,727,576,386,189,66,47,128
764,647,524,431,381,341,324,322,330,340,347,347,339,327,314,321,336,352,366,372
947,773,621,461,299,144,43,71,161,293,439,641,801,923,961,900,815,700,569,438
721,617,444,258,109,61,144,271,467,700,853,935,951,883,805,619,412,239,152,60
964,808,617,412,241,156,141,196,322,520,770,911,974,925,754,562,356,176,80,102
717,638,480,299,131,48,82,224,383,563,758,926,1028,1019,886,669,456,269,129,61
700,797,873,920,927,903,849,776,688,592,498,416,366,366,416,498,592,688,776,849
732,631,466,285,138,104,200,354,549,742,881,948,913,797,622,430,251,126,79,89
752,919,982,926,800,628,423,206,91,79,181,337,529,724,894,978,937,836,671,471
700,523,345,196,104,155,348,585,773,904,953,911,778,598,390,187,64,64,175,401
726,622,470,274,159,146,259,428,621,798,888,849,683,492,321,228,180,170,202,330
786,734,625,492,329,147,34,22,130,271,470,686,829,922,944,877,728,576,415,215
696,606,363,227,50,31,114,248,447,669,818,927,999,945,873,721,602,355,194,77
740,597,427,215,94,61,138,276,432,636,820,928,966,900,823,653,425,259,141,83
703,617,470,316,175,84,110,197,325,507,704,840,929,969,892,799,630,457,270,138
848,715,531,351,191,90,89,177,325,483,675,848,953,943,897,776,606,412,249,144
715,585,408,252,105,51,97,200,336,531,751,881,951,884,767,617,437,247,142,75
745,589,434,289,172,102,99,166,293,497,685,831,924,957,929,841,721,585,461,366
736,741,630,457,264,76,9,30,135,340,526,678,795,890,930,895,781,598,370,137
709,559,357,170,100,132,262,464,682,829,919,960,897,781,576,412,229,130,59,60
732,675,516,314,153,86,122,234,418,617,790,895,914,853,745,605,448,279,115,64
656,513,344,171,55,83,201,346,508,709,871,959,908,826,717,570,402,222,109,64
809,775,678,479,294,152,109,232,401,597,763,861,891,857,761,612,449,281,123,68
780,655,449,277,137,138,276,455,660,813,916,959,929,827,670,481,283,118,29,70
929,781,609,423,241,105,75,164,303,465,659,818,915,946,899,772,579,418,244,109
745,587,416,242,95,57,71,176,307,507,709,864,948,965,902,821,628,423,250,107
766,641,491,311,126,44,57,150,305,488,675,819,923,974,880,736,566,393,218,109
