830,908,934,942,794,612,383,234,119,9,45,135,278,500,651,852,935,972,880,807
823,954,962,831,656,431,229,103,42,26,146,339,477,667,843,945,959,838,674,458
1005,1083,1108,1116,1088,1050,1020,970,826,674,514,331,151,59,94,200,372,556,746,881
985,909,775,605,419,262,177,102,84,119,214,353,514,688,844,952,989,951,840,662
1001,940,826,648,425,220,73,31,132,287,498,694,828,915,957,929,839,673,455,233
729,783,825,855,872,876,867,845,811,766,711,648,578,503,423,342,265,194,132,82
1014,934,912,852,729,582,419,222,77,21,83,189,439,679,848,945,967,922,816,669
977,819,622,437,237,125,65,32,112,276,463,680,800,924,966,927,833,715,527,330
903,753,579,394,241,138,75,54,73,134,257,436,613,737,778,726,597,421,240,105
864,785,595,424,257,112,35,74,221,397,558,693,792,857,888,885,847,775,676,556
692,765,801,808,788,753,715,677,623,573,532,487,452,417,382,347,312,277,242,207
760,840,890,922,939,941,877,770,614,435,254,143,60,78,186,342,504,655,824,922
999,943,892,850,819,799,791,795,811,837,870,909,951,998,1045,1092,1137,1179,1217,1250
749,675,760,869,894,874,776,669,542,408,286,187,110,116,205,369,531,693,816,909
767,678,460,365,265,162,78,28,145,235,389,574,751,913,972,885,802,715,608,497
703,582,491,446,428,436,571,685,814,924,1001,1108,1142,1232,1352,1494,1640,1788,1926,2067
724,829,902,942,957,950,756,608,448,319,253,259,328,447,614,816,907,934,915,847
855,952,686,556,290,164,221,478,696,869,957,927,785,585,376,201,166,275,503,727
1009,821,654,495,352,249,123,14,54,185,338,516,711,833,950,974,891,829,706,503
825,659,506,385,307,286,315,388,497,634,785,938,107,268,431,576,683,732,709,626
970,857,666,464,261,109,12,62,201,402,582,736,854,930,958,938,872,770,640,491
888,811,672,478,273,105,46,121,293,534,768,925,965,872,725,545,364,210,109,93
817,730,607,418,267,160,102,195,356,550,725,824,871,860,793,676,520,345,163,31
1025,874,782,704,660,641,647,679,735,811,903,1005,1109,1220,1336,1453,1570,1682,1784,1872
946,825,638,416,214,96,39,128,284,481,658,786,880,938,966,946,886,788,661,516
986,857,683,489,305,132,28,85,221,401,576,737,880,993,1034,999,894,743,570,397
826,897,940,964,928,862,722,515,297,153,77,34,100,200,351,536,730,848,918,941
816,663,494,376,301,269,280,334,430,567,739,937,115,388,713,825,955,993,944,807
886,804,643,440,253,132,53,96,169,268,405,569,744,901,999,985,853,641,391,152
751,814,872,913,938,946,938,913,872,814,751,688,633,588,555,536,531,540,563,600
765,889,974,1002,992,946,872,769,643,502,357,227,244,374,536,723,845,937,964,924
115,64,16,16,48,112,208,336,496,688,912,259,81,33,113,221,353,502,652,778
893,780,606,437,231,107,37,121,308,495,679,826,916,954,932,859,724,550,379,203
804,594,410,213,108,85,146,287,478,674,803,934,972,908,742,562,347,183,92,78
768,667,515,471,366,235,136,121,122,191,321,478,683,797,936,903,826,698,513,275
878,803,633,423,240,88,23,116,278,478,665,810,910,962,932,842,677,475,277,113
963,859,775,608,460,314,185,65,8,63,183,345,526,723,842,930,963,914,832,675
958,864,779,607,419,213,101,48,156,368,551,716,833,938,986,972,865,687,501,295
801,652,487,303,152,64,57,142,319,516,713,841,936,961,905,778,591,385,207,99
948,870,803,726,649,572,495,418,341,264,187,110,33,24,115,208,301,394,487,580
847,764,573,386,201,45,98,215,445,614,810,963,892,747,539,279,110,40,82,182
813,601,404,219,120,34,63,191,358,539,734,825,938,962,907,784,592,420,239,146
769,562,323,147,37,81,183,359,564,738,854,930,964,951,895,787,643,485,334,214
987,849,656,424,248,134,88,115,214,376,556,719,819,898,912,862,761,621,456,282
763,581,420,302,239,224,257,336,458,614,783,922,961,899,753,549,336,170,96,123
808,692,548,366,178,63,76,206,372,556,747,888,940,910,806,636,413,238,130,53
960,843,695,512,305,152,86,98,184,324,497,692,831,888,854,737,559,356,152,74
815,682,530,356,185,41,67,198,340,503,685,878,972,960,918,777,609,414,205,104
962,831,697,571,455,354,277,229,215,235,287,368,472,591,715,834,929,974,952,883
674,561,464,394,351,335,346,384,449,540,655,774,886,977,1037,1059,1041,993,930,868
731,570,380,232,128,74,72,121,217,353,518,697,870,1013,1106,1132,1096,1000,855,676
821,702,604,503,430,426,497,595,713,826,926,986,993,945,851,736,625,538,503,527
678,762,871,946,963,940,838,683,482,277,118,57,22,76,205,411,589,749,861,912
816,727,591,399,198,72,92,238,415,556,623,601,499,346,179,51,19,123,273,445
804,935,988,972,896,772,614,432,243,103,63,139,270,430,617,803,930,976,930,794
791,654,532,405,312,231,176,145,138,155,196,253,316,375,421,446,448,426,383,322
726,598,471,353,254,173,109,62,32,19,23,44,82,136,205,287,379,480,587,698
959,953,907,829,730,625,500,369,252,174,116,83,80,108,159,227,306,380,434,455
773,633,449,234,97,69,164,354,525,715,868,941,950,914,815,677,497,294,138,49
746,605,466,333,209,100,8,53,237,366,480,562,640,726,791,839,873,887,883,864
917,774,625,443,230,116,50,40,168,323,477,692,847,922,943,888,740,598,409,209
791,648,468,276,156,87,198,331,481,666,835,934,975,956,903,787,635,444,243,134
742,565,377,194,103,56,70,138,257,420,596,751,845,866,816,702,550,371,187,90
784,891,971,983,938,829,675,477,258,98,23,33,147,308,485,676,854,926,940,903
983,1029,1056,1019,928,775,622,435,228,109,45,34,166,318,461,676,837,932,955,933
780,699,662,586,501,438,412,354,286,221,175,143,117,99,86,76,69,62,56,51
811,903,945,948,913,828,709,553,369,180,100,76,110,198,344,518,686,803,866,869
818,927,977,959,895,760,575,374,192,85,68,127,262,439,634,813,934,979,947,836
716,535,336,173,91,120,256,426,614,784,909,984,1003,959,851,694,509,314,151,75
825,691,558,457,435,474,594,758,987,1172,1260,1355,1365,1236,1101,890,719,540,459,451
618,509,391,266,140,52,92,204,332,465,611,748,852,921,942,914,835,717,573,407
931,746,587,390,209,81,105,235,391,564,745,921,983,919,821,690,522,331,136,27
747,586,412,227,124,106,173,325,463,668,837,939,967,921,801,632,417,238,122,26
756,569,376,196,104,114,198,344,507,673,819,913,926,856,738,593,432,276,149,82
767,626,529,495,513,584,702,848,987,1093,1150,1127,1029,883,708,532,381,281,249,282
777,626,441,232,119,52,45,173,327,479,694,849,923,941,885,792,667,505,324,139
813,672,481,289,123,81,197,408,574,684,735,718,637,530,423,331,265,237,246,288
815,968,994,971,910,812,694,563,424,295,219,145,127,185,303,450,603,746,859,921
825,714,603,492,381,270,159,48,-63,-174,-285,-396,-507,-618,-729,-840,-951,-1062,-1173,-1284
746,600,417,254,125,37,83,233,392,572,759,891,960,956,922,713,522,335,165,56
803,682,516,317,96,48,179,343,482,676,834,928,958,935,856,723,548,343,132,8
791,626,397,214,97,66,190,356,557,730,870,979,1014,982,880,715,491,257,87,14
895,763,611,416,286,144,56,36,159,312,491,682,839,936,957,922,838,698,503,285
788,622,388,252,73,38,26,121,327,507,682,852,963,975,928,779,611,443,224,92
835,641,416,225,102,117,310,495,672,811,898,926,886,790,653,486,296,102,54,132
733,515,324,183,95,60,184,338,515,705,882,1004,1044,1000,897,741,547,334,191,107
960,811,625,397,267,104,43,12,142,239,441,663,809,897,938,923,871,758,557,347
887,772,606,412,257,118,77,142,286,493,716,864,952,971,923,821,634,382,207,108
990,980,920,790,620,400,220,104,48,12,68,175,320,480,654,816,936,977,958,880
730,432,109,63,87,207,401,631,836,965,991,904,718,476,254,120,186,346,586,763
932,869,749,563,355,177,64,1,85,237,458,643,798,928,997,999,934,815,655,475
871,745,587,399,186,107,66,111,263,443,620,806,948,1037,1032,957,803,589,334,87
876,758,612,482,368,287,249,263,331,435,552,666,756,811,825,794,726,634,531,434
824,669,457,313,210,55,59,168,334,464,572,663,694,655,546,386,195,105,37,190
821,674,500,334,188,58,40,126,294,496,686,830,929,959,919,807,605,462,221,79
874,750,603,439,273,133,71,113,275,418,638,743,723,676,548,382,204,76,22,116
903,790,649,485,301,110,2,116,336,537,716,858,957,1008,1009,959,857,710,527,320
778,621,406,265,121,48,5,122,348,491,648,816,933,943,889,776,604,390,219,90
872,745,597,442,257,139,146,191,276,414,591,763,886,948,956,925,732,567,348,151
800,925,965,940,859,729,559,367,182,93,67,117,249,425,634,829,955,986,940,816
988,840,765,799,900,976,1000,979,939,869,774,662,546,445,372,346,379,464,579,680
896,773,601,412,267,176,253,398,594,760,879,937,917,828,679,487,271,61,7,58
922,803,639,407,255,85,47,46,91,243,430,642,807,918,980,903,804,734,592,495
816,945,956,913,778,610,381,239,144,51,60,148,302,501,650,829,926,950,891,746
866,727,524,352,204,97,64,207,325,520,744,890,973,965,936,847,649,423,196,79
917,788,622,388,252,73,38,26,121,327,507,682,852,963,975,928,779,611,443,224
895,822,716,569,397,232,96,53,9,47,146,278,438,610,762,875,923,897,803,648
951,918,841,716,552,350,138,84,130,290,500,672,802,873,895,872,804,700,572,438
898,819,704,571,422,267,121,29,52,168,283,491,699,870,973,978,947,844,670,451
863,764,632,499,390,245,98,37,81,186,286,450,585,702,805,883,912,897,831,737
888,779,626,416,246,140,107,176,308,478,644,769,821,803,710,558,365,172,87,49
851,751,590,417,232,96,43,6,134,248,444,640,816,932,949,916,828,703,557,352
957,896,803,666,485,285,147,60,13,65,180,349,560,778,956,1071,1089,1049,961,844
932,861,707,508,283,94,47,103,237,434,651,811,915,944,904,797,631,413,198,81
940,980,923,845,741,586,394,190,81,42,15,121,229,474,689,827,914,954,927,835
957,995,984,941,855,700,475,247,101,64,28,144,297,514,692,831,931,987,991,951
963,975,928,779,611,443,224,92,59,24,175,295,492,708,856,940,928,889,795,581
832,937,956,915,794,628,385,253,109,64,0,97,205,421,616,784,880,941,966,948
873,712,534,290,138,82,40,79,231,362,488,612,733,839,919,950,970,944,897,805
838,405,269,78,49,19,136,225,393,607,746,843,872,839,756,600,420,209,80,59
815,690,543,376,207,62,27,144,268,453,670,822,919,963,892,786,625,404,165,68
843,682,528,403,337,286,256,251,281,332,403,487,576,662,738,801,847,871,873,852
883,771,581,396,225,91,42,56,156,301,503,677,823,932,967,919,816,653,428,213
927,931,944,964,966,957,930,885,823,744,651,545,429,305,177,49,82,219,361,502
955,962,937,899,809,600,430,196,57,30,155,268,485,686,845,933,968,935,840,609
936,857,781,696,604,506,403,296,186,74,139,242,341,437,530,620,707,791,872,950
870,754,606,427,241,104,48,70,175,362,589,782,865,825,705,497,277,102,29,38
759,604,451,320,232,154,84,20,115,221,340,471,601,725,830,905,935,890,815,700
835,686,506,299,128,7,49,181,388,603,793,935,1007,990,895,741,549,343,136,43
858,795,587,441,219,84,46,39,136,258,441,648,809,916,957,901,800,624,402,193
841,712,559,381,256,149,84,63,78,126,197,280,365,434,473,474,436,365,268,158
917,753,519,361,196,59,87,166,289,599,769,853,872,827,730,580,411,195,61,16
905,819,675,473,296,167,107,129,229,388,564,719,826,852,791,647,450,245,95,65
834,849,843,820,778,719,647,559,460,353,240,125,15,98,205,327,460,600,744,885
927,768,602,396,174,111,70,146,258,469,693,850,952,981,933,816,655,477,268,129
914,794,618,399,159,59,14,35,132,269,465,686,838,924,946,912,828,700,537,356
867,787,713,653,603,563,533,513,503,503,513,533,563,603,653,713,787,867,957,1057
864,719,553,380,212,54,76,186,309,488,640,758,829,861,863,840,800,727,605,473
894,775,603,380,213,142,159,263,446,679,856,951,948,877,733,548,353,179,66,42
877,754,617,468,315,167,27,88,197,335,499,676,824,934,990,985,918,794,630,446
811,671,507,334,181,76,19,82,217,417,590,729,830,891,911,891,830,729,590,417
877,734,572,428,295,139,77,28,184,301,500,678,814,907,967,969,936,867,754,610
876,746,585,393,185,74,125,267,481,675,821,915,952,934,864,753,611,442,248,46
899,725,449,221,130,64,112,259,487,680,817,917,943,892,771,605,375,187,108,166
1032,842,716,609,590,627,756,922,1156,1292,1471,1506,1518,1423,1227,1047,872,702,591,579
898,753,586,403,216,87,47,93,186,323,491,666,827,941,974,929,825,623,409,183
894,734,563,392,222,40,55,148,261,468,654,811,916,974,969,906,800,664,473,254
856,766,676,586,496,406,316,226,136,46,-44,-134,-224,-314,-404,-494,-584,-674,-764,-854
742,621,383,272,96,61,12,161,258,484,689,835,933,972,938,846,626,459,234,87
883,757,600,418,254,129,35,25,85,212,410,623,818,935,955,888,755,582,387,195
974,899,782,640,422,204,77,42,112,252,433,646,827,905,864,719,509,303,142,68
921,788,663,528,316,179,45,25,144,250,458,672,821,919,966,956,903,775,609,432
907,872,769,634,464,272,141,71,47,106,232,417,611,770,870,895,843,726,576,431
730,566,409,267,147,65,21,113,245,405,576,740,869,949,980,960,890,775,625,448
873,743,559,436,264,125,44,61,160,303,479,664,817,920,961,940,857,714,520,296
952,807,599,419,188,55,8,110,264,465,686,842,941,966,923,810,604,418,173,53
907,808,640,396,262,168,213,408,624,798,910,943,902,895,824,677,477,297,171,110
931,948,916,846,724,568,351,144,37,130,286,465,641,793,888,910,854,736,581,386
934,771,603,418,284,163,50,21,78,197,376,530,682,827,934,961,918,806,649,469
879,767,622,450,280,125,86,66,170,319,468,597,706,828,951,988,954,874,700,538
871,731,561,377,168,116,731,241,79,26,161,124,211,375,549,692,805,901,969,989
877,729,494,374,200,38,104,227,363,526,710,868,954,946,898,786,598,404,194,65
876,699,509,372,230,143,114,163,271,427,614,804,954,1061,1099,1073,1000,893,761,616
932,792,622,432,245,78,36,7,154,308,472,677,807,886,934,881,710,525,331,130
848,741,588,400,209,54,69,215,383,571,737,838,906,927,904,825,699,536,348,157
892,784,608,408,201,19,122,256,414,598,759,900,988,944,778,555,335,151,52,38
895,751,593,432,263,94,43,22,135,293,452,616,783,881,951,905,820,649,480,302
883,726,572,408,229,71,26,144,317,492,678,834,944,916,824,676,498,312,123,21
854,683,512,340,171,5,161,326,495,650,777,876,944,979,978,944,881,796,697,592
856,667,514,361,212,67,16,112,236,386,529,639,737,830,890,907,900,865,800,714
927,811,641,438,283,125,53,144,300,462,628,749,824,852,835,775,665,512,329,135
896,736,553,350,144,57,91,252,412,569,708,818,903,964,993,987,946,873,775,667
796,605,425,239,110,20,63,195,355,539,706,819,891,920,871,762,583,442,259,100
906,781,648,499,342,189,53,96,247,392,536,672,794,899,985,1050,1092,1112,1108,1081
875,714,553,391,230,68,109,270,431,593,754,915,75,133,292,451,609,768,926,85
973,819,650,502,378,282,218,190,202,258,352,478,628,794,959,110,283,468,661,866
885,793,674,532,394,267,159,78,32,22,82,203,375,558,712,800,792,700,534,322
843,746,649,552,455,358,261,164,67,8,92,195,298,401,504,607,710,813,916,0
879,745,605,446,267,83,28,37,199,369,545,721,837,918,961,960,917,839,725,591
903,787,619,415,265,99,46,18,146,299,457,709,829,931,954,910,788,617,445,267
884,785,639,454,276,133,41,105,239,418,607,795,966,955,937,844,702,514,305,113
958,726,542,393,297,266,315,435,603,785,947,106,81,134,282,475,681,862,979,992
774,681,870,982,977,942,858,701,516,382,277,232,275,374,523,684,827,917,968,972
950,949,907,812,672,503,329,176,72,7,61,196,361,535,697,825,894,898,840,741
566,730,863,967,953,906,816,672,484,266,70,40,138,284,451,643,818,934,984,889
774,594,413,230,47,136,281,431,592,748,876,956,987,915,835,716,554,404,249,101
895,788,637,466,299,147,25,64,167,298,460,634,775,885,951,962,921,833,702,538
831,716,601,486,371,256,141,26,-89,-204,-319,-434,-549,-664,-779,-894,-1009,-1124,-1239,-1354
916,665,455,283,159,88,74,129,250,409,583,750,877,937,924,817,641,424,197,38
932,781,618,443,268,92,22,164,318,467,628,772,879,948,976,941,857,729,568,395
756,617,436,311,208,117,71,48,49,84,157,261,387,507,624,720,786,818,819,788
844,731,562,372,162,4,115,271,440,629,775,894,947,956,920,834,712,553,370,167
854,749,612,458,313,190,110,200,361,513,652,772,871,950,982,948,839,670,459,243
774,639,437,245,53,149,320,511,685,811,894,930,919,856,757,632,493,364,270,210
899,759,630,509,393,285,187,104,39,5,28,80,160,264,388,526,669,807,920,994
926,773,645,551,491,465,473,514,588,688,808,941,902,721,579,471,399,363,363,398
792,611,415,223,61,34,121,279,467,669,822,926,966,933,874,690,491,307,190,141
699,810,861,866,826,743,623,475,307,141,82,48,67,206,356,519,692,830,940,964
838,707,521,319,126,23,122,322,521,708,879,955,926,800,617,393,156,-98,-250,-232
849,976,995,973,920,802,627,412,188,51,1,53,185,349,523,676,795,881,937,968
885,738,579,419,260,105,68,155,281,436,611,794,960,982,835,653,461,275,106,36
814,634,464,290,131,84,154,249,369,580,756,869,935,971,981,954,883,780,651,526
882,754,592,436,265,113,32,26,113,247,406,584,742,862,921,922,863,747,586,404
811,619,416,283,138,54,189,337,505,682,834,946,934,940,778,578,427,249,123,32
741,641,513,364,201,67,36,133,288,471,659,810,898,893,798,646,473,295,131,10
839,600,394,228,120,77,105,208,367,569,763,894,927,857,693,486,289,140,58,36
865,716,548,375,209,58,3,75,236,432,633,817,951,918,809,648,455,259,71,17
858,791,621,437,255,74,9,24,164,303,464,658,822,935,967,936,798,612,401,187
896,750,602,457,327,234,162,116,93,93,114,157,220,298,382,459,526,571,583,556
850,985,941,836,675,472,239,90,49,94,258,486,715,872,939,875,755,571,357,157
782,618,434,248,59,160,354,541,704,840,936,970,935,839,696,520,328,128,38,141
833,728,638,556,483,419,364,317,278,247,224,209,202,203,212,229,254,287,328,377
819,674,527,378,231,89,370,514,660,799,949,907,767,620,470,318,162,10,75,221
848,733,579,370,200,110,122,251,394,536,658,744,784,772,711,618,510,406,323,289
969,869,765,657,545,429,309,185,57,127,253,377,497,613,725,833,936,1033,1125,1212
890,741,575,395,251,152,182,341,526,705,825,910,947,936,878,767,607,415,223,88
879,933,832,786,612,416,260,115,89,60,141,277,418,568,689,842,957,994,940,879
912,786,641,487,339,199,73,13,19,99,190,291,410,545,692,846,1001,1148,1281,1394
902,791,621,413,256,105,41,111,276,457,642,832,924,862,703,480,252,58,6,131
837,937,842,798,692,553,399,229,69,17,154,309,455,614,767,902,1011,985,954,860
954,880,823,678,502,320,157,22,16,21,132,290,466,662,815,935,992,967,859,687
882,753,593,450,301,165,50,77,217,356,470,557,599,536,407,244,73,2,110,250
733,588,463,358,273,208,163,138,133,148,183,238,313,408,523,658,813,988,1183,1398
728,561,398,240,93,24,87,201,358,546,730,841,890,875,789,642,452,247,62,0
852,700,477,288,125,123,210,413,635,810,868,817,672,456,224,17,60,211,432,605
741,578,438,323,233,167,126,110,119,153,210,290,393,519,668,840,935,951,888,758
841,725,562,368,167,57,48,155,301,461,610,719,797,839,858,774,613,422,235,63
870,702,526,350,178,30,108,238,402,594,788,850,972,941,910,817,654,491,343,213
990,1027,1083,1173,1258,1283,1220,1099,935,735,525,399,320,371,551,751,957,1137,1232,1288
917,791,626,451,253,88,24,149,337,505,673,845,963,930,848,724,574,408,235,73
998,1203,1415,1544,1577,1566,1499,1376,1212,1021,817,606,404,218,66,40,155,308,481,664
864,728,605,507,438,400,396,429,498,601,733,888,1059,1243,1440,1649,1869,2100,2341,2591
883,748,587,433,245,141,34,59,194,282,483,696,845,946,930,967,860,805,728,602
923,820,680,508,331,175,56,3,38,138,303,495,671,812,899,925,879,770,615,438
837,943,952,912,809,648,450,254,86,38,139,298,482,675,830,912,942,862,717,524
881,783,611,417,227,118,125,258,420,643,804,902,937,913,837,714,561,395,233,95
874,787,690,585,482,381,282,185,90,0,95,190,285,380,475,570,665,760,855,950
900,750,608,479,369,278,206,153,119,104,108,131,173,234,314,413,531,668,824,999
679,791,873,914,948,956,930,871,787,695,615,549,499,571,661,763,855,926,966,975
911,854,759,635,494,354,240,179,132,118,135,166,288,452,635,792,882,914,872,759
919,825,687,526,347,167,7,130,251,348,453,616,770,874,892,754,551,373,198,97
795,652,503,344,191,67,50,69,211,361,516,675,823,940,960,893,760,581,389,214
706,548,394,245,104,48,77,227,390,568,743,889,996,965,971,826,662,489,305,112
855,674,499,364,245,155,99,81,101,159,245,349,460,558,619,647,701,748,773,794
877,759,628,497,367,240,118,6,116,214,291,348,386,407,413,406,387,359,325,288
872,754,590,449,346,176,42,25,38,179,343,529,722,851,916,943,870,741,576,401
1002,1008,997,993,986,977,965,951,935,916,896,873,847,819,788,754,719,681,642,600
964,997,1000,999,994,982,961,932,897,854,805,751,690,625,556,484,411,337,263,191
791,982,1173,1226,1298,1195,1101,914,751,542,441,344,343,481,602,765,980,1152,1216,1291
949,881,809,667,563,400,262,172,126,125,169,276,418,577,734,873,994,980,948,893
997,959,866,760,631,475,311,137,32,152,313,495,656,784,889,957,985,974,924,838
994,883,770,665,568,469,368,265,160,53,56,164,279,411,560,726,909,1009,916,832
957,881,758,597,409,196,66,29,110,260,453,688,846,912,964,935,924,837,701,532
1045,1075,1051,1032,1023,1017,999,994,983,972,970,968,959,950,944,934,923,914,910,902
697,851,915,967,938,843,723,535,378,161,42,24,0,96,245,451,686,867,940,929
995,903,764,580,330,116,48,31,85,205,383,577,741,846,903,913,880,815,727,624
809,797,698,556,377,190,42,35,147,327,522,720,883,962,934,817,631,414,195,20
987,819,709,623,500,388,252,166,51,59,183,295,442,639,771,912,951,994,963,819
938,993,972,937,886,821,744,655,555,444,323,193,59,-78,-230,-401,-585,-775,-956,-1123
1019,944,811,641,410,177,-43,-288,-500,-674,-800,-869,-892,-850,-756,-619,-438,-226,-1,222
831,688,534,379,224,70,115,267,420,574,727,881,828,768,700,626,546,461,371,277
988,885,791,604,441,232,131,34,33,171,292,455,670,842,904,979,908,771,608,422
961,948,853,750,559,367,180,89,8,109,234,406,532,624,742,852,937,950,876,781
895,820,715,580,408,209,74,6,128,255,404,583,768,876,920,939,923,856,750,614
891,788,705,540,385,190,66,0,100,230,408,646,820,905,961,946,833,674,450,208
1007,989,911,809,683,503,301,51,25,85,182,304,472,666,825,937,154,817,992,1001
990,891,745,573,358,166,47,1,48,170,357,573,745,891,990,1021,981,870,714,533
850,726,541,395,285,187,110,161,305,510,678,799,877,917,926,904,854,780,688,586
977,839,716,542,384,185,23,98,184,325,480,639,729,785,832,881,915,952,974,935
853,810,738,654,567,473,371,266,161,57,-47,-147,-244,-337,-425,-508,-585,-657,-721,-778
984,887,789,603,429,227,104,39,5,143,315,467,674,827,923,972,937,804,610,399
993,879,730,656,583,511,433,360,292,227,167,110,59,15,68,133,203,278,358,443
959,882,752,579,450,270,126,20,54,168,316,481,649,800,915,977,973,890,756,574
1022,860,718,585,479,409,350,301,259,225,196,174,158,146,138,132,130,131,134,140
1001,876,703,481,196,23,177,342,547,793,891,982,915,793,679,522,300,139,81,45
745,708,601,454,273,104,46,15,51,168,381,579,726,873,966,918,832,673,458,234
1018,990,953,918,884,851,819,787,756,725,696,667,638,611,584,558,532,507,483,459
1026,876,725,583,470,388,297,200,109,79,54,46,82,117,166,280,408,513,652,807
982,952,926,929,933,972,972,956,936,949,989,972,964,958,966,978,967,965,456,0
991,901,825,659,498,275,99,64,11,153,377,568,768,912,954,925,819,660,423,193
976,876,809,700,563,374,176,49,2,110,251,443,665,826,933,990,899,773,591,384
1004,1014,986,918,812,663,456,267,95,61,13,48,151,301,486,647,800,933,954,939
979,886,816,762,647,502,278,121,3,42,109,200,417,574,762,886,971,938,915,851
971,938,915,851,797,745,675,596,510,424,342,257,173,90,14,56,108,160,212,264
749,854,930,949,969,973,927,859,759,634,509,401,288,245,184,117,63,40,23,12
975,919,862,815,768,721,674,627,580,533,486,439,392,345,298,251,204,157,110,63
720,795,871,936,991,927,827,709,569,396,198,77,35,114,269,464,696,842,907,973
786,890,976,985,959,886,793,640,511,325,235,114,89,147,309,472,660,792,870,894
968,997,948,840,673,463,245,66,22,135,293,511,680,811,915,989,917,804,656,454
822,957,973,893,773,597,421,203,71,26,95,234,429,658,824,899,991,907,791,622
1033,1056,1033,1004,936,876,669,516,343,147,26,111,161,300,501,637,731,890,994,1007
945,819,653,446,209,46,67,231,397,597,739,860,950,890,782,624,431,235,59,0
819,901,937,962,977,973,948,902,836,749,643,519,390,272,158,58,5,57,202,412
980,822,695,607,558,548,578,647,755,901,933,954,952,929,899,832,745,642,539,466
946,886,802,698,590,470,340,216,99,27,20,124,235,386,575,769,904,958,995,971
638,758,902,945,979,927,876,779,629,486,393,245,199,276,426,552,713,820,887,917
994,902,807,665,503,305,123,10,52,192,382,604,770,866,911,934,868,734,548,402
986,915,827,695,529,344,176,52,3,77,193,352,550,747,899,959,909,756,583,338
977,872,764,672,547,417,271,110,46,11,1,136,278,482,652,817,943,985,954,850
913,824,682,573,472,378,279,186,100,21,72,173,304,461,644,842,988,976,902,785
999,906,831,695,521,305,150,47,85,234,430,661,809,893,972,908,799,644,451,229
975,874,772,633,534,388,227,44,54,129,302,479,662,825,972,880,717,536,309,71
623,780,933,938,849,736,570,357,166,18,123,271,481,675,869,946,994,915,802,642
997,993,986,976,962,945,925,902,876,847,815,780,743,702,659,613,565,514,460,404
975,916,858,792,719,639,553,461,363,261,155,45,199,342,480,613,741,864,982,909
955,879,775,617,427,248,107,11,17,136,298,497,716,847,856,935,878,782,623,428
957,838,670,512,294,126,33,15,82,185,345,494,625,746,865,933,932,873,742,571
624,730,832,906,992,884,786,609,439,236,137,40,16,161,309,495,659,841,895,955
927,974,950,876,764,606,407,186,86,53,15,93,222,405,623,805,922,955,925,836
998,873,772,635,447,232,62,9,99,237,411,629,773,846,914,964,893,790,633,455
577,737,912,992,915,822,649,496,294,187,107,64,84,226,352,527,719,871,936,972
1023,1076,1148,1045,951,764,601,392,291,194,193,331,452,615,830,1002,1067,1028,891,727
995,739,524,356,159,47,1,74,268,508,711,887,946,982,959,872,717,503,256,68
1000,990,860,700,540,380,220,60,900,840,780,720,660,600,540,480,420,360,300,240
995,973,908,814,690,539,357,163,38,25,68,211,400,605,785,914,993,1012,967,860
694,743,847,933,995,903,808,630,486,281,141,13,98,196,345,539,737,886,970,979
893,801,711,563,409,214,91,60,46,28,14,7,3,1,5,13,25,41,61,85
982,873,783,638,466,241,76,53,183,355,570,760,889,927,974,963,884,741,553,407
925,843,710,527,322,158,40,4,90,231,409,625,809,930,972,937,839,701,527,331
982,869,771,639,480,301,148,45,16,93,206,394,579,731,857,924,946,933,892,782
976,894,760,590,377,197,57,1,85,247,445,682,851,920,950,906,809,655,467,237
1019,901,891,736,604,410,217,59,14,54,160,385,542,666,841,915,940,972,894,787
900,791,693,594,494,393,291,188,85,-18,-123,-229,-335,-440,-546,-652,-757,-863,-968,-74
886,762,574,417,200,81,42,19,109,269,461,697,851,915,967,938,882,769,591,439
935,831,717,542,332,144,16,51,200,432,603,735,870,902,945,936,879,753,566,410
869,821,877,924,989,935,845,709,527,319,127,25,49,221,407,623,815,950,977,892
1000,884,790,605,443,233,133,37,40,176,293,456,672,844,908,975,909,776,619,408
964,881,755,589,374,154,-71,-290,-512,-709,-885,-960,-930,-795,-614,-392,-128,98,312,523
826,716,576,413,210,86,34,57,198,365,564,742,877,971,971,876,722,536,329,118
848,746,646,555,476,409,353,307,271,244,226,216,215,223,240,265,298,339,388,445
738,619,517,406,345,236,177,68,14,0,42,108,239,360,482,647,751,869,926,988
993,903,775,605,430,224,111,29,38,146,268,431,629,790,905,969,987,929,801,637
942,886,790,637,396,172,87,32,14,59,225,417,623,802,923,971,929,811,653,443
858,755,660,474,285,126,112,231,416,634,805,931,1007,1018,962,849,693,512,328,175
958,791,635,539,427,303,192,98,56,13,89,235,412,607,740,832,923,962,978,961
1011,1009,971,869,761,580,421,208,77,2,87,224,392,600,746,909,984,985,931,799
975,839,612,426,313,167,65,23,92,200,367,512,615,647,599,471,305,143,11,38
978,1009,976,875,707,510,304,104,10,43,208,398,583,744,860,924,926,867,750,591
978,845,697,520,323,132,62,92,245,431,600,724,789,781,674,486,274,83,37,134
983,917,811,634,443,242,112,29,76,157,327,497,658,811,905,971,997,981,925,831
937,935,926,910,887,856,819,775,725,671,614,555,494,433,371,311,252,196,144,98
1029,881,703,511,303,77,32,145,329,494,630,731,796,825,818,775,696,581,431,247
1078,937,889,785,625,457,268,122,20,29,113,281,481,677,825,906,968,920,815,655
999,964,879,734,539,315,95,45,238,471,625,753,863,923,927,872,765,613,424,209
925,805,619,427,241,57,-128,-303,-470,-619,-737,-817,-849,-828,-761,-657,-526,-380,-227,-69
876,781,637,472,303,147,29,45,187,363,548,726,884,982,982,896,760,596,413,225
992,941,827,635,398,176,44,3,93,221,401,625,850,986,1003,888,652,364,100,2
1008,875,664,466,254,117,52,111,244,440,659,859,947,985,968,904,795,643,465,282
962,902,782,606,412,208,87,53,166,346,534,707,841,906,914,862,753,595,395,184
981,922,821,632,421,233,86,60,194,418,611,765,867,898,862,760,589,359,180,85
933,875,754,579,381,182,43,17,92,247,435,630,790,882,886,789,604,377,190,79
1002,912,791,617,420,228,65,-81,-216,-348,-449,-526,-575,-596,-588,-551,-486,-397,-287,-162
975,870,745,622,519,460,435,444,485,552,647,763,893,1030,1168,1299,1417,1516,1589,1631
1009,858,650,413,271,122,32,87,179,306,459,645,776,879,933,934,891,812,702,570
936,909,848,724,536,300,51,75,179,365,562,746,861,886,789,597,344,72,40,146
998,996,993,989,984,978,970,961,951,941,930,919,907,895,882,868,854,839,825,809
949,891,776,609,407,199,1,79,221,429,610,789,927,997,992,903,737,530,314,123
1012,843,641,374,141,23,105,284,437,614,780,881,895,847,741,590,398,199,63,37
998,891,746,553,335,124,64,199,409,583,733,858,951,997,982,912,805,674,539,428
995,914,775,562,373,220,115,70,193,408,574,731,888,995,932,789,566,378,224,121
532,716,877,941,956,924,849,735,596,442,293,160,46,78,175,342,491,636,777,891
768,611,433,310,198,72,49,108,259,455,628,777,886,942,931,869,758,606,432,293
963,930,835,659,421,244,126,73,99,197,356,545,722,846,894,863,757,591,387,177
973,871,648,480,386,356,366,406,464,526,584,628,644,622,558,468,368,272,192,134
952,885,777,682,721,853,984,997,941,807,660,546,478,529,701,888,954,962,903,815
1001,907,768,576,367,201,96,36,121,325,516,686,828,932,988,978,852,675,449,246
1002,900,712,518,297,151,32,47,185,373,586,774,935,1058,1130,1100,1017,856,660,450
989,904,775,614,432,256,105,48,121,282,431,567,674,746,780,773,729,652,549,429
868,743,585,408,221,48,106,293,479,652,791,871,862,765,584,364,155,31,78,201
985,986,987,988,989,990,991,992,993,994,995,996,997,998,999,1000,1001,1002,1003,1004
1005,890,724,533,322,130,53,140,332,548,731,869,951,972,932,833,677,477,256,47
1008,955,863,735,593,463,356,294,285,331,430,566,721,863,960,978,915,803,660,512
1007,947,802,598,358,162,22,61,179,359,531,683,797,867,886,854,775,661,526,386
1104,964,924,906,918,860,740,584,412,232,58,57,192,383,554,752,888,968,972,890
1003,910,814,617,408,198,72,37,148,320,478,599,688,746,774,775,751,703,635,550
952,901,809,694,588,462,325,190,76,23,78,189,336,514,681,793,866,908,932,941
733,875,981,940,888,741,550,341,165,43,11,93,238,420,627,805,905,911,882,782
1005,893,748,567,346,180,68,48,157,323,532,715,846,889,838,717,561,387,206,43
847,914,940,927,885,784,615,412,199,65,22,118,268,461,627,766,865,915,904,835
999,880,695,492,289,94,-101,-296,-488,-669,-824,-938,-994,-980,-901,-766,-581,-364,-146,70
988,878,702,486,249,41,62,248,485,702,878,988,927,740,494,229,25,129,352,571
1006,941,850,692,481,266,117,25,76,160,297,470,663,819,913,940,908,828,711,569
987,878,684,461,243,74,36,153,369,547,686,778,817,800,733,622,477,318,168,60
940,949,946,948,934,922,905,880,850,813,769,718,660,594,522,443,358,267,170,67
855,759,676,573,480,370,251,134,35,25,135,240,335,434,545,667,795,902,970,991
876,777,633,455,267,93,60,141,296,477,663,824,936,976,946,857,712,528,330,140
936,885,759,566,370,201,77,53,155,351,529,658,748,791,793,754,678,576,461,349
968,978,963,931,888,841,801,775,767,779,812,855,896,930,947,939,909,862,809,760
1003,946,827,643,431,224,74,31,108,258,476,662,801,873,875,807,674,497,300,108
997,911,780,603,398,186,5,57,166,351,524,652,764,866,926,947,927,881,810,715
997,920,800,618,410,196,10,22,176,373,568,760,921,1033,1081,1045,938,764,536,265
943,886,782,646,490,338,207,109,58,58,112,212,358,538,731,896,976,943,831,663
993,901,773,610,431,267,152,79,46,53,200,379,585,778,919,973,932,821,657,466
1023,1104,1080,983,798,589,395,235,132,103,150,277,432,574,668,682,596,407,215,47
914,805,625,434,222,86,55,157,379,564,717,825,890,910,883,809,688,533,361,190
993,957,885,774,631,470,310,160,45,7,50,184,381,571,748,874,928,933,888,792
997,993,931,827,689,527,364,225,136,96,103,167,280,428,591,747,863,906,888,810
999,859,649,410,174,-63,-301,-522,-706,-830,-875,-830,-699,-505,-272,-23,232,490,730,930
1004,1034,1029,994,910,785,618,437,259,111,16,50,134,305,454,631,810,918,971,986
1063,1015,905,707,489,275,98,47,119,287,448,542,555,536,436,293,133,50,19,62
1006,1049,1009,902,676,454,249,97,33,118,280,482,656,791,888,947,969,962,936,891
1005,864,672,453,273,134,51,24,129,272,400,528,634,711,755,758,717,637,524,386
993,907,765,589,360,162,23,77,251,453,662,833,933,928,823,625,366,93,3,108
982,988,990,989,986,980,972,961,948,933,916,898,878,857,834,810,785,759,732,705
978,966,961,954,945,932,915,894,869,839,803,761,713,658,595,525,446,357,258,148
1014,830,634,501,331,210,59,5,73,199,432,658,799,878,897,869,802,701,580,454
913,793,613,397,193,29,65,150,294,441,611,747,831,843,779,654,484,296,112,5
988,916,822,711,589,464,356,299,320,512,656,774,868,931,962,963,936,885,814,729
821,739,609,429,214,103,21,47,130,319,521,707,835,892,858,739,567,376,206,92
974,991,934,843,728,601,477,362,276,209,144,78,26,6,36,108,211,337,472,607
995,928,808,622,412,221,89,42,102,289,474,640,761,821,810,727,588,401,189,11
1064,966,832,668,487,307,143,-24,-149,-253,-336,-389,-412,-409,-386,-350,-307,-264,-230,-212
1123,1017,890,652,497,377,253,151,64,13,80,202,328,480,662,791,900,965,985,961
1000,902,762,578,371,166,46,53,155,345,507,636,732,799,840,860,863,852,830,800
996,873,695,498,309,155,67,88,222,393,570,720,826,880,884,840,762,656,530,404
997,918,804,640,463,279,103,-69,-223,-384,-547,-701,-838,-956,-1047,-1106,-1129,-1113,-1054,-956
1007,1114,1225,1315,1377,1404,1384,1317,1202,1040,869,680,491,318,161,30,43,222,411,593
950,957,976,990,997,995,986,971,951,926,897,865,829,791,749,706,660,612,563,512
1003,916,812,643,449,259,110,0,44,131,283,459,652,814,898,998,918,800,617,404
986,893,754,578,375,160,-59,-293,-526,-740,-917,-996,-940,-771,-526,-236,64,388,653,856
999,835,645,441,230,61,-98,-282,-442,-572,-733,-866,-943,-956,-924,-858,-761,-640,-502,-356
811,820,829,838,847,856,865,874,883,892,901,910,919,928,937,946,955,964,973,982
793,702,541,339,203,128,99,187,351,551,738,876,931,923,852,727,567,387,211,68
746,647,571,496,420,345,269,194,118,43,32,107,186,266,344,421,497,572,647,721
905,801,661,501,332,163,11,60,217,396,571,717,820,881,908,904,871,812,732,637
794,710,637,508,403,274,131,42,60,206,397,565,732,860,947,985,880,745,577,383
908,821,736,654,578,504,434,368,307,250,198,151,108,70,37,10,11,26,57,102
823,726,622,521,423,332,246,167,94,29,228,422,603,770,923,1062,1186,1295,1389,1468
901,796,683,565,442,316,189,64,-62,-185,-305,-421,-532,-638,-736,-826,-905,-973,-1028,-1070
891,784,661,529,397,265,133,1,67,201,335,469,603,737,871,1005,1139,1273,1407,1541
748,598,510,498,544,680,833,965,914,782,618,426,227,47,15,72,192,369,532,688
903,806,708,611,513,416,319,221,124,26,71,166,260,355,449,544,638,733,827,922
760,670,500,346,210,102,32,0,24,106,242,426,632,821,951,996,946,799,584,341
734,804,904,992,1017,1001,919,811,687,564,438,318,229,182,191,257,374,532,707,883
782,924,979,907,800,682,534,366,205,105,2,25,144,302,443,593,746,870,960,953
793,618,437,266,101,22,40,146,309,479,674,863,949,983,881,772,634,412,227,103
900,815,710,590,459,318,172,31,99,230,345,468,587,703,816,926,1030,1130,1224,1313
862,949,967,873,790,607,391,253,135,5,79,129,327,464,660,866,943,982,875,770
802,729,641,520,455,346,244,143,50,20,78,165,282,416,548,670,751,863,926,989
831,707,553,391,248,134,71,39,49,97,177,284,412,552,686,790,843,828,760,682
803,916,987,917,754,585,414,248,73,14,48,168,329,483,673,861,945,965,877,791
842,721,571,401,220,82,47,142,304,519,708,850,933,948,900,800,663,496,316,146
782,725,634,522,413,310,218,146,94,63,52,61,91,140,207,291,391,504,628,761
799,729,586,396,187,36,34,178,375,577,752,878,940,932,853,713,530,334,151,10
919,812,677,518,354,192,43,3,89,252,463,660,835,971,1060,1088,1038,894,677,414
785,705,610,520,420,315,208,103,1,106,214,320,420,512,605,693,770,845,896,938
845,697,552,410,271,135,2,132,268,408,552,699,848,999,152,307,464,623,784,947
835,717,587,460,343,240,152,83,37,11,2,12,40,84,141,210,285,371,464,560
768,594,410,221,123,86,89,146,253,402,587,783,959,1086,1154,1126,1026,877,704,526
953,827,705,595,485,378,274,177,90,28,12,35,98,201,344,521,717,893,999,960
786,693,597,502,412,319,229,141,58,-30,-117,-201,-282,-361,-437,-510,-582,-651,-717,-779
871,785,670,540,408,283,163,71,18,62,221,416,615,786,905,955,928,822,653,449
853,746,641,536,431,326,221,116,11,94,179,264,349,434,519,604,689,774,859,944
800,738,647,538,421,306,204,115,47,3,13,87,206,355,520,685,836,960,1034,1045
888,781,655,500,317,131,-19,-174,-325,-460,-569,-657,-727,-782,-820,-839,-837,-816,-779,-726
826,712,542,371,201,59,70,170,292,441,612,795,971,1127,1250,1349,1412,1437,1424,1373
826,909,986,992,934,849,737,609,472,339,232,160,140,185,295,446,615,778,900,949
871,779,647,447,265,124,38,1,57,196,395,590,771,883,901,840,725,573,416,275
806,853,898,937,965,982,988,983,967,941,904,857,801,737,665,588,504,416,325,232
776,647,492,318,132,36,39,149,356,561,764,902,952,912,775,579,417,295,196,114
784,649,542,460,404,374,370,392,440,514,612,733,876,1039,1220,1417,1628,1851,2086,2332
818,718,563,366,146,45,86,267,448,631,778,877,923,912,839,721,572,403,230,68
725,631,508,384,257,133,19,100,251,456,630,761,842,886,898,888,868,849,839,850
807,942,1029,1055,1024,940,813,649,456,252,76,19,58,165,338,525,708,869,981,1030
878,784,658,525,387,240,102,0,96,223,391,584,772,920,999,984,885,719,510,288
694,805,966,949,906,783,633,473,307,130,63,96,176,324,490,675,856,962,968,879
811,703,643,657,797,946,986,906,798,661,520,398,343,403,554,758,825,925,986,948
793,697,582,450,305,151,2,101,295,480,646,790,910,1002,1062,1088,1078,1033,951,835
739,670,571,442,325,230,157,106,77,70,85,122,181,262,365,490,637,806,997,1210
823,765,708,654,602,552,504,458,414,372,332,294,258,224,192,162,134,108,84,62
897,810,702,593,493,412,350,307,283,278,292,325,376,445,531,633,751,884,1030,1189
840,736,614,481,347,217,97,9,95,197,314,425,541,661,780,894,1003,1105,1198,1283
797,712,552,368,152,28,89,283,451,636,823,932,966,920,796,644,463,288,126,62
832,721,601,475,342,204,61,-84,-229,-370,-499,-610,-694,-744,-757,-734,-677,-591,-482,-357
883,785,669,553,432,330,228,129,34,8,96,227,414,615,800,936,980,926,812,669
821,912,959,969,943,885,808,723,646,575,515,470,443,437,451,481,522,567,609,641
926,958,916,754,584,413,248,70,13,49,165,322,482,673,862,949,967,873,790,607
763,628,456,273,102,32,65,196,392,577,729,844,919,952,941,891,811,711,601,494
809,908,1000,993,875,718,560,391,210,33,5,93,217,389,568,725,841,899,873,780
840,723,595,470,366,274,193,127,74,39,18,10,12,26,51,88,137,196,264,339
823,719,594,456,319,190,86,49,156,336,536,736,906,997,983,835,663,478,293,126
519,673,861,935,965,920,767,604,439,271,100,37,55,174,334,506,701,894,985,1014
752,642,496,325,143,37,6,56,181,365,546,700,798,836,814,735,606,444,270,107
847,740,595,413,210,62,83,191,379,510,614,659,635,546,416,265,114,49,20,48
869,786,603,385,246,128,0,77,168,373,484,672,845,957,986,887,771,636,431,220
780,680,580,480,380,280,180,80,0,-100,-200,-300,-400,-500,-600,-700,-800,-900,-1000,-1100
703,587,469,351,233,115,3,119,235,351,467,583,699,815,931,1047,1163,1279,1395,1511
805,653,462,308,171,55,9,64,188,365,583,767,888,937,924,854,737,583,414,267
888,795,682,556,417,272,124,2,82,227,437,638,829,964,982,878,759,630,466,303
781,674,533,387,242,105,1,71,210,345,461,608,756,849,897,946,955,918,787,636
786,711,590,440,280,119,-41,-201,-361,-520,-677,-830,-978,-1119,-1253,-1380,-1500,-1611,-1712,-1802
775,676,593,476,327,140,9,121,293,464,639,818,912,956,921,814,641,441,237,80
899,807,690,560,428,315,239,311,425,561,715,871,957,990,891,784,658,523,390,285
787,683,516,328,142,53,63,170,339,555,786,952,1039,1041,965,827,663,499,365,291
821,751,659,464,297,144,79,144,297,464,659,751,821,853,859,839,793,732,666,605
764,591,385,230,126,150,299,502,695,836,888,859,765,622,432,228,119,44,87,239
800,752,606,465,361,289,248,232,236,256,288,329,377,430,487,545,605,665,724,781
788,700,570,425,282,161,75,34,47,126,253,415,571,699,787,825,812,748,645,518
931,804,693,567,425,285,157,37,16,114,242,431,612,760,898,980,936,857,747,610
821,916,968,968,913,780,603,411,231,96,26,58,190,356,537,702,822,822,729,626
810,724,625,513,389,254,118,-24,-166,-308,-450,-593,-737,-883,-1031,-1182,-1336,-1494,-1655,-1819
839,706,579,462,364,284,221,173,138,114,99,93,96,108,128,155,189,228,272,321
826,737,696,802,958,965,887,802,680,521,365,268,300,463,664,830,912,927,882,786
571,638,764,888,898,872,800,712,616,514,410,306,202,98,6,88,206,334,472,620
767,929,1061,1126,1113,1022,861,669,477,286,110,47,97,210,375,551,726,876,985,1056
761,835,803,648,480,315,153,84,118,236,405,579,725,832,889,891,846,752,635,517
777,684,601,441,340,203,112,47,34,140,221,413,508,669,781,886,937,968,957,892
841,717,558,376,196,30,15,140,288,462,613,730,803,833,820,765,668,532,367,185
897,770,646,536,412,305,201,106,22,58,175,347,541,729,879,965,994,930,812,661
760,650,545,445,350,260,175,95,20,49,123,222,347,497,672,872,1096,1345,1619,1918
814,710,583,459,339,221,104,-12,-128,-242,-353,-462,-566,-667,-762,-850,-929,-998,-1057,-1104
902,816,706,588,474,364,268,176,88,6,24,84,208,386,534,676,800,908,998,907
896,822,727,616,496,373,263,173,106,58,30,22,33,63,111,177,259,354,459,569
744,583,393,176,33,50,339,626,842,936,912,770,548,335,122,20,127,351,565,736
833,687,499,317,139,17,73,200,382,581,749,843,865,818,709,544,363,187,37,1
956,763,581,399,208,57,59,199,359,559,736,893,991,998,953,849,701,539,323,116
880,772,626,440,286,96,49,161,282,462,604,762,942,1000,956,873,742,563,347,138
889,740,587,404,233,91,29,73,216,360,514,675,828,953,981,885,769,634,448,260
896,749,570,402,265,175,49,80,202,318,471,595,718,796,853,906,967,956,917,814
827,662,466,293,133,71,114,251,390,511,602,660,680,661,608,532,434,334,250,205
544,713,876,939,913,879,735,581,386,238,56,19,11,107,284,456,687,851,964,977
897,745,587,402,216,29,82,182,364,531,715,863,970,964,941,777,586,390,207,9
920,766,602,397,249,67,30,22,118,295,467,698,862,971,973,934,777,593,437,248
846,694,519,400,202,42,2,65,155,296,485,627,774,893,962,980,941,825,661,476
666,780,889,919,930,894,824,728,622,513,398,287,232,176,128,94,84,105,141,203
780,600,423,243,64,34,145,345,529,717,879,999,973,851,671,465,267,96,19,19
859,722,571,401,238,69,44,137,309,480,641,783,886,933,919,839,701,526,333,137
787,642,509,413,339,287,256,246,257,289,340,407,488,579,676,780,892,994,1071,1118
877,749,601,470,371,429,585,750,913,948,962,942,880,765,624,436,242,91,3,61
815,677,578,524,525,596,724,891,981,999,962,903,840,784,740,720,733,779,849,920
848,909,952,881,758,586,410,228,125,22,43,163,296,472,652,836,929,963,963,944
30,22,118,295,467,698,862,971,973,934,777,593,437,248,122,34,41,165,334,500
863,986,979,932,803,664,446,254,135,73,118,267,436,610,750,835,880,869,801,685
753,534,385,175,92,62,122,299,447,665,851,944,985,910,756,571,380,212,89,4
808,748,492,207,62,3,93,282,507,715,888,992,938,737,457,137,28,26,144,356
861,727,536,357,181,113,218,411,619,794,913,967,939,824,614,391,183,70,74,200
894,719,546,431,451,501,645,800,998,1136,1168,1064,839,633,462,306,162,40,14,107
822,904,983,984,942,803,686,519,337,176,64,40,120,235,415,568,760,892,963,960
681,772,893,953,975,964,825,679,506,351,169,76,64,155,321,480,628,739,803,820
876,763,621,478,352,246,130,63,23,79,230,409,600,762,887,946,971,959,914,823
556,793,1041,1201,1189,1178,996,820,522,371,156,104,100,193,456,689,932,1156,1282,1309
870,726,543,392,229,93,53,139,326,514,693,854,963,951,878,764,627,447,261,112
888,741,531,345,154,95,129,253,406,600,748,858,933,867,718,526,350,179,115,159
926,710,574,406,233,53,18,113,275,459,640,792,900,958,995,980,932,851,747,628
999,946,777,581,366,168,51,17,90,256,481,688,840,926,934,857,699,506,323,180
906,754,601,424,217,80,29,151,312,489,667,846,945,972,938,772,590,415,224,92
736,877,999,971,915,765,608,421,274,142,57,12,50,181,389,597,733,855,952,981
886,774,632,478,303,124,-40,-207,-290,-348,-333,-252,-126,14,181,335,491,651,806,937
890,745,598,413,234,108,66,135,280,450,611,763,899,989,998,962,862,695,506,314
834,733,661,775,866,930,928,937,932,843,706,549,359,234,171,159,227,370,553,727
881,741,534,329,166,68,106,219,376,549,727,869,950,963,924,829,674,474,286,134
736,550,379,227,113,45,70,221,397,571,728,849,936,980,994,977,936,856,747,618
825,704,559,384,239,47,2,94,221,413,586,761,861,911,804,686,562,388,217,52
887,781,652,477,276,81,19,110,322,520,698,836,906,895,808,672,500,314,128,16
767,903,1005,984,952,882,711,545,350,188,31,0,12,128,311,488,723,899,1013,1017
778,593,445,267,107,62,128,292,462,643,803,928,1004,1008,973,915,832,736,636,549
840,724,637,590,586,615,666,737,819,898,959,987,970,909,813,701,593,509,477,516
1030,689,535,310,126,19,64,186,374,527,730,909,992,987,859,694,488,266,105,13
657,806,908,960,966,941,876,757,613,454,302,175,95,64,84,154,276,443,631,802
695,795,862,905,930,868,769,641,456,283,100,15,80,204,397,581,754,880,947,930
938,781,607,413,227,124,61,92,240,396,570,753,898,994,971,923,842,733,603,464
719,601,429,240,90,16,60,244,446,649,804,894,873,747,558,341,128,24,37,166
750,575,373,195,133,108,262,426,631,779,961,998,990,894,717,545,314,150,95,44
696,737,637,522,376,233,116,48,85,128,75,45,84,109,44,18,47,78,99,178
870,940,905,777,628,468,282,97,6,64,189,394,571,726,864,976,963,933,795,660
765,618,510,534,669,840,987,972,759,513,262,132,139,257,427,616,772,881,912,868
751,569,382,208,101,115,222,386,562,734,878,977,976,937,787,610,428,237,91,19
892,786,671,549,428,305,185,70,2,50,176,281,466,641,805,917,983,1001,976,909
788,663,487,282,65,1,50,205,412,582,699,746,723,631,498,346,206,107,74,95
768,692,823,978,973,953,839,735,655,570,464,388,346,280,189,85,9,32,144,281
874,754,614,448,279,130,76,144,311,491,668,834,960,1034,1033,963,842,709,586,462
729,600,491,395,327,286,266,268,290,328,377,432,489,542,583,603,597,561,494,396
758,876,960,999,961,885,762,598,404,217,93,43,68,166,327,520,722,857,979,999
509,670,866,967,943,911,761,607,405,253,43,19,110,273,452,629,824,953,966,939
697,751,778,832,888,925,818,701,535,436,256,191,136,76,138,235,426,587,736,823
791,694,637,520,432,292,158,53,47,139,272,408,517,641,771,880,893,906,913,915
887,801,690,552,388,207,28,13,108,285,457,652,851,985,986,945,836,697,544,388
873,702,529,358,189,24,144,258,373,488,603,718,833,948,63,178,293,408,523,638
926,787,637,452,258,116,72,127,255,428,614,782,902,959,966,937,880,752,585,397
690,813,899,923,900,841,734,594,435,279,153,68,42,82,179,334,516,688,826,916
913,795,685,503,375,167,108,2,81,255,380,518,683,820,928,989,988,953,785,628
784,612,421,235,119,46,63,180,352,514,659,768,829,848,823,759,674,570,449,314
784,869,923,956,970,965,942,901,842,765,672,564,443,311,173,33,111,248,384,509
722,845,848,827,787,699,557,404,241,96,12,38,153,334,516,684,798,886,875,796
642,564,503,420,313,209,141,57,-16,-74,-141,-199,-252,-308,-366,-419,-457,-505,-551,-589
829,705,615,582,626,712,801,849,860,832,764,666,558,453,366,313,303,339,408,485
884,769,671,584,504,429,358,291,227,167,111,58,8,55,191,323,450,572,688,798
948,957,918,761,562,345,139,49,95,129,68,70,128,325,528,699,832,897,877,762
746,586,405,252,133,51,68,193,365,572,746,857,847,716,500,271,90,0,26,152
953,790,608,412,223,111,47,67,223,387,568,738,876,977,938,761,586,418,246,90
858,697,509,342,163,44,8,71,187,326,482,648,811,936,990,974,904,798,664,515
952,103,158,256,390,549,731,894,994,996,957,884,726,525,360,223,127,76,73,117
845,722,555,382,206,56,43,139,307,509,694,844,957,995,951,823,630,396,158,41
833,723,663,802,713,650,771,952,888,917,984,981,829,679,556,378,297,251,192,133
103,65,27,13,39,83,119,137,125,94,58,20,6,24,56,90,117,129,121,97
804,718,556,397,269,148,69,21,114,219,340,462,586,707,814,905,976,1009,999,954
889,724,546,360,181,2,119,298,481,654,803,877,885,806,654,475,294,118,27,47
883,765,684,559,429,325,248,143,80,0,-76,-169,-273,-372,-478,-579,-674,-768,-860,-947
891,790,655,524,433,312,180,58,3,81,219,342,455,551,625,676,703,704,679,628
710,703,581,423,299,241,355,536,735,809,854,896,929,905,808,611,461,317,201,143
735,546,369,207,97,73,139,320,491,647,793,926,985,955,828,656,467,269,96,4
911,765,593,422,251,126,23,87,219,428,593,713,801,856,900,933,947,942,918,874
798,851,907,924,907,867,775,640,472,299,121,52,49,138,307,481,679,843,956,997
877,750,625,500,375,250,125,0,125,250,375,500,625,750,875,1000,1125,1250,1375,1500
982,781,591,405,206,115,56,43,125,299,453,656,804,950,968,901,794,602,413,201
916,766,586,395,197,106,81,123,246,420,613,781,881,929,930,879,772,624,453,277
835,754,614,427,209,107,126,261,449,668,842,940,967,918,803,641,455,260,84,32
907,753,589,414,237,90,45,75,177,342,491,628,752,853,931,964,952,898,812,708
64,187,350,504,646,766,859,919,941,929,885,815,726,618,492,352,201,44,129,305
16,77,199,371,546,706,832,916,951,931,857,737,587,422,263,126,42,40,133,288
976,853,718,573,421,268,122,80,151,249,385,527,676,820,949,976,907,783,658,519
866,674,491,292,105,-33,-215,-408,-603,-785,-928,-997,-994,-919,-784,-608,-404,-192,-6,162
575,471,293,173,140,253,415,580,738,872,959,990,964,882,757,597,413,224,100,77
870,724,572,397,227,123,78,89,164,309,455,595,707,784,823,820,773,685,576,460
807,959,972,900,803,685,558,425,280,128,69,55,116,255,400,540,671,782,861,894
901,777,605,395,169,51,39,144,299,457,633,782,910,979,968,895,775,603,393,167
871,745,589,405,219,90,39,68,171,351,547,722,840,895,884,816,705,559,390,218
527,598,706,852,983,995,883,725,539,355,194,87,48,78,176,334,529,707,851,957
867,736,559,353,172,77,22,47,144,311,459,585,682,748,768,743,675,570,438,290
917,769,600,419,210,121,35,128,294,442,664,822,924,971,964,904,798,632,427,186
829,744,617,442,236,89,48,155,350,520,674,803,933,976,984,956,824,648,445,220
962,800,612,402,193,-17,-226,-424,-605,-764,-897,-999,-965,-902,-816,-712,-595,-470,-338,-203
879,718,510,280,133,68,83,187,355,546,727,854,949,988,961,867,714,509,270,115
973,855,687,502,317,162,76,42,63,199,428,650,808,906,945,905,785,630,441,244
878,741,589,431,278,146,55,41,144,314,477,637,777,870,920,944,938,903,802,632
851,732,603,448,282,147,75,60,112,232,392,570,721,827,867,830,718,555,366,180
880,731,562,386,222,82,3,93,252,426,615,808,965,976,941,860,736,580,405,228
811,655,495,344,215,123,80,95,175,326,494,636,749,834,896,938,962,971,968,956
747,804,880,945,997,994,936,834,687,500,335,187,86,48,79,176,329,489,636,756
886,768,630,462,279,98,-54,-221,-407,-594,-772,-930,-1054,-1134,-1175,-1172,-1124,-1031,-903,-749
759,592,412,220,125,48,7,85,208,377,559,747,888,972,996,951,858,732,590,434
905,762,586,414,255,110,69,155,293,456,637,793,894,921,870,752,590,398,208,107
917,781,605,410,199,98,56,75,177,311,474,659,796,928,952,852,699,492,264,134
804,748,612,426,218,125,62,42,155,290,446,640,794,924,966,924,828,709,563,398
836,687,545,421,333,296,312,381,491,626,763,873,932,929,866,747,583,399,220,70
920,964,888,778,637,439,205,120,18,63,169,326,462,687,869,975,977,913,769,593
795,587,402,233,119,62,83,181,353,541,687,763,743,650,510,356,223,137,116,162
841,695,534,400,310,275,305,397,538,711,893,959,900,705,463,201,83,52,116,272
884,778,631,444,222,101,23,65,185,317,461,627,803,942,982,921,789,601,385,180
104,31,15,94,253,481,699,846,955,1009,1006,948,837,692,523,342,167,-14,-203,-367
809,664,518,361,193,37,30,133,309,470,641,794,918,999,999,925,787,606,395,175
847,710,541,349,168,13,5,45,225,453,659,821,924,965,943,858,722,545,354,175
933,784,603,414,207,111,48,30,101,280,445,650,805,957,952,869,716,542,374,197
740,625,511,398,286,175,65,-45,-155,-265,-375,-485,-595,-705,-815,-925,-1035,-1145,-1255,-1365
840,705,537,348,150,58,42,101,246,413,595,775,910,975,971,900,770,595,400,203
224,76,38,81,193,369,566,748,900,976,985,928,808,640,448,259,105,50,42,83
646,502,332,155,81,43,50,105,212,359,537,713,838,889,858,735,557,348,138,57
873,755,589,399,205,110,43,25,68,161,297,456,629,791,916,985,994,957,882,777
735,543,396,315,326,429,625,883,117,303,528,767,891,875,737,502,231,80,22,10
802,661,442,197,88,108,266,462,666,849,985,969,866,714,536,352,193,111,133,280
572,710,815,897,953,975,965,923,850,747,620,476,343,241,181,174,226,339,505,708
816,663,486,294,98,18,21,102,257,422,601,768,894,969,972,902,762,585,408,239
813,674,496,288,141,55,23,50,136,276,466,694,847,945,964,898,760,586,397,206
924,769,578,358,125,-107,-332,-546,-744,-916,-1039,-1095,-1075,-998,-884,-747,-597,-444,-300,-185
807,967,976,942,817,622,388,181,108,89,117,259,426,612,785,908,957,925,834,687
881,745,569,398,250,153,120,158,265,423,609,786,914,959,906,773,582,364,155,83
847,689,516,349,203,97,47,67,157,314,487,665,802,919,986,995,957,874,758,621
741,543,352,186,53,1,73,214,374,562,747,918,971,903,741,575,421,294,183,96
749,687,622,556,490,423,354,285,215,144,72,0,72,144,215,285,354,423,490,556
829,665,561,414,285,186,134,143,293,474,650,790,886,909,865,758,603,423,249,96
740,572,387,189,99,104,194,368,526,657,756,819,844,830,779,694,579,441,289,132
913,906,776,595,412,205,111,49,30,112,293,461,678,838,924,934,908,777,596,413
1013,845,701,561,370,203,92,34,128,281,466,611,761,871,963,975,915,773,625,442
879,752,597,420,244,87,23,32,148,328,501,685,818,938,955,917,775,605,417,219
818,715,572,398,226,91,25,53,165,368,555,716,821,862,841,766,647,499,341,192
919,809,652,482,309,159,52,29,119,286,450,635,777,944,992,915,817,692,542,369
702,547,390,244,124,36,7,39,137,285,479,689,855,954,972,906,756,542,335,171
897,750,564,381,189,105,108,210,408,603,778,823,753,655,528,377,198,69,17,58
759,603,408,187,27,45,141,307,472,657,781,935,959,938,875,728,529,349,157,88
942,735,516,325,176,85,60,105,218,380,554,715,849,928,935,875,754,595,423,273
932,780,601,423,243,78,15,57,200,333,468,674,836,938,980,944,848,707,529,337
911,799,650,468,256,116,65,59,134,298,511,750,958,995,947,825,651,447,241,86
900,804,648,444,216,126,57,41,126,290,439,623,764,910,921,854,706,502,259,130
686,839,932,977,944,837,675,478,258,121,44,66,170,348,519,687,825,912,944,917
921,773,598,414,200,116,38,32,112,292,461,689,844,926,946,923,818,638,450,222
904,783,605,409,215,112,56,41,143,312,473,662,805,953,973,901,773,594,408,207
901,766,590,412,216,112,50,40,141,310,470,654,803,954,976,885,736,558,376,186
894,737,572,439,326,273,311,431,619,851,977,993,894,763,598,425,258,120,38,47
743,591,398,197,104,24,83,204,361,548,715,827,905,896,799,661,483,289,106,46
885,715,512,298,134,47,33,108,268,439,637,792,892,935,926,868,758,617,446,254
827,942,994,971,874,732,561,375,194,90,69,132,268,432,620,802,954,985,871,719
733,542,332,109,-137,-292,-449,-609,-757,-889,-983,-976,-905,-785,-612,-408,-193,49,282,488
898,755,580,404,247,113,29,13,85,224,402,547,663,749,793,800,772,712,626,521
756,573,422,297,205,146,117,114,138,188,263,361,481,621,780,943,1105,1249,1363,1437
832,767,659,496,294,135,34,42,158,337,526,701,840,927,958,930,827,674,479,265
583,422,238,74,8,58,202,379,550,712,851,950,973,921,800,627,423,225,86,16
810,706,564,393,217,102,6,45,152,315,471,630,768,875,918,900,824,707,560,396
877,764,625,439,267,118,44,89,243,392,538,663,760,816,894,976,998,950,827,673
787,625,469,319,175,37,96,256,431,615,783,910,981,973,886,739,550,340,128,49
719,498,348,275,281,365,514,695,868,968,995,948,827,651,452,258,106,61,34,125
743,587,396,218,105,97,151,277,442,612,766,891,971,993,958,880,767,635,494,376
995,919,798,636,449,252,92,104,205,368,556,748,906,989,976,854,657,417,163,9
887,772,628,440,214,112,60,123,231,384,526,666,776,870,953,976,959,917,827,680
825,731,597,433,261,101,39,83,218,398,600,790,927,990,961,844,658,433,197,72
977,826,686,573,496,451,444,475,543,646,780,937,110,865,149,566,125,710,294,900
718,557,400,278,205,164,152,169,213,279,363,459,559,656,744,814,859,878,871,838
358,236,184,204,296,460,622,721,751,700,588,457,346,280,272,326,432,572,726,857
743,866,935,979,1002,1003,982,939,875,791,689,570,437,297,154,17,-118,-246,-372,-492
854,752,643,422,259,97,35,113,314,462,639,773,909,921,897,789,670,457,207,100
941,817,684,541,396,254,126,51,44,133,312,492,707,857,982,927,892,772,624,430
822,939,994,984,908,780,611,414,219,66,122,246,448,673,830,939,994,984,908,780
768,688,533,376,195,72,1,96,263,466,622,695,648,525,382,218,55,18,124,319
810,699,576,447,314,179,47,127,328,513,688,846,986,960,947,882,723,550,355,150
796,616,425,218,96,71,152,328,509,724,870,960,990,964,881,747,576,381,190,80
810,915,980,996,956,881,775,651,524,423,360,379,464,611,804,1034,1272,1500,1690,1789
933,99,34,165,453,665,863,967,998,952,853,690,474,226,29,59,168,364,570,757
889,743,626,523,440,376,328,294,274,266,270,285,310,343,382,426,472,516,554,584
791,682,570,456,344,232,120,8,-104,-216,-328,-440,-552,-664,-776,-888,-1000,-1112,-1224,-1336
959,810,660,510,360,210,60,-90,-240,-390,-540,-690,-840,-990,-840,-690,-540,-390,-240,-90
877,746,607,462,308,149,2,-146,-294,-438,-578,-713,-840,-957,-1063,-1158,-1241,-1309,-1361,-1397
821,688,566,472,439,472,566,688,821,942,970,919,800,651,495,360,272,249,295,404
763,900,996,997,884,749,575,369,163,14,35,134,299,488,687,857,969,908,778,633
933,832,654,452,287,104,13,18,108,287,511,732,876,959,985,961,881,751,582,390
838,939,977,986,958,894,799,681,552,429,307,200,118,64,44,73,148,270,419,581
1094,1230,1084,943,786,588,362,202,132,186,369,581,752,889,982,1019,985,876,719,540
868,757,648,537,423,306,190,76,-38,-153,-270,-387,-503,-619,-734,-848,-960,-1071,-1180,-1286
1004,984,970,959,855,727,568,377,206,55,21,104,271,459,693,833,929,936,907,793
912,846,730,597,438,280,155,79,56,78,140,247,389,553,724,883,999,1041,1009,932
878,749,596,410,196,68,57,161,349,520,734,887,984,978,890,722,523,310,115,20
833,743,689,644,600,556,513,471,431,392,354,318,283,249,216,185,154,125,97,70
876,739,544,347,172,78,82,190,405,592,753,877,947,950,884,757,575,376,201,31
738,833,690,539,377,218,68,-14,-6,78,239,430,626,794,933,1001,984,878,724,543
874,746,615,488,375,227,57,-134,-274,-433,-618,-786,-942,-999,-922,-836,-674,-517,-299,-61
843,694,575,519,526,577,667,787,913,995,1006,953,828,646,446,266,136,77,97,183
856,967,971,904,752,637,430,244,117,51,48,117,275,454,686,834,970,942,919,774
886,721,547,362,187,71,41,90,217,397,589,763,897,971,936,827,660,462,252,61
858,763,642,501,347,200,83,-43,-181,-273,-370,-448,-483,-459,-376,-269,-173,-79,4,90
816,858,897,925,941,946,940,923,895,858,812,757,694,624,550,472,392,313,237,166
813,921,998,1006,995,915,783,603,393,175,58,75,168,345,537,738,894,981,970,963
863,716,555,362,194,76,83,188,382,567,729,835,857,782,632,430,214,71,17,41
800,903,930,960,980,990,995,998,999,999,997,994,989,982,972,958,940,918,891,858
883,730,606,432,273,119,78,172,347,521,685,800,953,940,929,778,601,434,261,100
884,773,658,501,350,200,71,25,108,218,410,570,697,768,782,725,608,435,243,75
862,721,576,416,251,82,-88,-258,-428,-597,-763,-923,-1073,-1213,-1343,-1460,-1563,-1650,-1721,-1776
765,685,514,343,174,15,177,348,523,677,809,946,994,892,763,600,403,253,103,13
117,117,275,454,686,834,920,970,942,867,737,566,387,223,125,83,83,160,308,493
791,678,559,454,363,284,215,156,107,68,39,20,11,12,23,44,75,116,167,228
896,738,587,460,361,295,265,272,316,393,499,627,768,911,1029,1100,1097,1031,900,746
948,768,614,503,459,486,576,713,878,981,992,910,747,544,329,148,57,55,143,315
399,473,547,622,696,770,845,919,994,1068,1142,1217,1291,1365,1440,1514,1588,1663,1737,1811
892,792,660,487,276,61,45,113,287,484,594,680,755,856,881,887,801,661,500,297
894,817,782,677,533,361,181,60,35,92,246,411,595,759,859,880,835,737,600,445
781,619,480,379,250,129,91,173,356,536,759,893,968,997,957,800,625,448,304,184
791,639,502,393,304,235,186,158,153,171,212,274,355,453,565,687,816,947,963,972
918,850,719,551,359,176,45,39,148,362,595,791,919,954,964,954,880,768,623,450
830,814,730,632,540,519,576,706,895,983,925,762,518,317,178,114,150,295,460,621
955,986,915,853,727,590,437,273,126,31,5,19,92,213,391,569,755,878,961,966
352,200,84,77,187,392,537,739,903,997,960,820,662,467,263,120,67,130,308,484
893,751,636,429,293,165,60,122,284,478,657,780,947,983,995,944,807,655,439,214
942,966,987,999,1000,999,987,965,942,919,896,873,850,827,804,781,758,735,712,689
888,823,709,560,390,220,76,9,10,89,232,414,615,805,955,1010,951,855,741,612
889,760,594,395,249,96,14,18,115,314,457,654,860,947,934,917,761,596,413,198
907,796,673,540,396,242,92,8,28,134,317,476,695,846,986,963,931,797,675,540
912,815,648,430,245,107,56,75,182,372,564,727,839,894,906,861,763,624,456,278
877,709,543,386,240,119,39,36,113,260,440,659,812,936,970,904,757,638,430,241
832,835,863,908,962,940,928,829,707,572,443,330,241,186,173,196,253,341,454,580
982,823,710,552,405,272,160,71,13,10,85,247,414,631,785,929,964,962,878,717
938,833,680,489,296,126,52,64,161,327,510,697,800,875,917,913,856,754,607,429
861,729,592,462,337,218,105,1,85,262,448,650,816,928,974,953,865,713,546,358
890,754,651,491,351,259,79,61,121,285,485,652,747,801,897,968,850,714,596,455
804,634,417,209,103,90,173,364,525,713,855,963,998,963,883,752,582,379,202,89
873,780,637,461,287,135,71,118,273,422,568,663,723,712,642,527,381,226,97,44
885,746,596,446,312,182,73,26,39,135,282,457,665,854,969,991,915,754,580,378
912,828,701,538,355,172,0,-183,-365,-546,-724,-877,-1000,-1000,-957,-858,-705,-504,-264,-8
840,778,669,537,394,256,140,61,32,89,232,383,559,746,879,964,994,948,827,663
815,680,559,449,362,302,274,284,338,439,577,730,868,957,982,938,828,662,455,235
911,832,690,535,391,240,126,57,70,163,329,498,644,746,805,831,829,791,723,629
914,803,678,534,389,238,94,34,58,177,311,430,586,730,845,934,992,910,803,689
795,648,494,342,190,38,106,238,375,515,647,759,859,945,1005,1033,1023,983,914,817
403,528,605,725,874,924,991,892,746,580,405,254,58,41,141,342,527,648,751,916
862,751,639,519,394,269,146,35,-78,-185,-292,-391,-480,-561,-633,-695,-748,-792,-826,-851
764,643,477,299,113,30,75,230,402,609,795,930,991,962,886,772,631,475,320,189
987,951,911,865,814,758,697,632,563,491,415,336,255,171,85,0,86,172,256,338
940,846,741,609,469,313,147,75,93,197,374,547,728,855,976,988,891,767,613,428
880,748,600,419,214,98,84,189,369,548,745,881,956,963,885,730,525,335,164,70
569,664,733,820,884,926,954,870,752,606,455,297,155,47,82,222,334,479,647,756
844,686,528,370,212,54,104,254,404,554,704,854,834,814,794,774,754,734,714,694
718,804,857,908,968,939,873,773,652,511,358,201,105,73,124,261,417,605,763,903
981,850,717,603,497,400,312,232,161,98,44,0,-44,-89,-133,-177,-220,-262,-303,-342
900,757,628,511,406,313,232,163,106,61,28,7,6,27,68,129,210,311,432,573
837,693,611,543,548,641,787,982,112,150,208,292,417,590,771,935,977,893,766,621
860,777,656,518,392,286,175,84,48,92,167,284,422,574,715,842,958,961,966,926
808,848,829,751,636,475,285,91,3,37,156,368,564,735,863,930,938,878,764,607
905,760,594,412,206,101,97,190,374,552,748,871,934,962,952,897,778,615,418,210
767,643,535,467,531,676,833,972,971,940,896,684,528,373,237,199,269,399,567,746
833,716,563,390,202,76,35,83,209,389,570,740,881,973,999,957,848,687,492,284
891,765,588,404,245,95,0,43,109,207,322,470,640,803,930,957,892,800,684,527
938,823,684,523,335,179,27,69,198,342,460,573,680,781,875,961,937,805,660,524
871,754,640,511,395,304,225,173,152,162,196,253,344,456,575,701,819,914,975,1000
1092,892,684,485,288,95,84,197,414,631,832,937,949,900,781,642,420,262,93,15
1000,1221,1450,1614,1560,1412,1252,1092,783,624,381,183,476,671,830,940,1000,978,915,789
993,983,935,865,777,681,591,512,449,409,398,424,486,579,698,835,977,1110,1221,1288
896,789,624,421,180,23,96,221,408,534,676,805,903,963,908,785,604,400,232,124
674,687,764,867,968,977,861,699,492,297,106,30,93,210,368,561,694,822,935,952
1005,1087,987,879,711,513,330,142,39,10,108,195,257,386,533,694,833,942,1027,1035
791,659,544,446,365,301,254,224,211,215,235,271,321,385,460,546,641,743,850,959
1045,818,598,454,381,363,402,498,646,816,973,1074,1092,1050,964,850,727,620,558,576
973,827,707,552,374,238,131,70,77,166,300,469,644,791,880,924,932,907,852,775
997,902,824,749,678,611,548,488,433,381,334,290,250,213,179,149,122,98,77,59
1084,1163,1225,1268,1289,1284,1252,1197,1122,1030,928,828,741,672,626,605,608,635,685,754
997,912,817,722,627,532,437,342,247,152,57,-38,-133,-228,-323,-418,-513,-608,-703,-798
683,848,940,956,934,880,771,642,477,297,112,21,53,143,277,461,625,775,906,961
1023,908,788,666,550,441,339,245,155,75,12,64,142,245,364,498,636,763,870,947
973,851,679,472,251,107,31,75,176,309,495,648,801,949,968,921,800,625,406,227
983,883,794,748,730,749,801,884,988,1094,1191,1247,1253,1210,1118,981,819,657,527,449
925,844,753,637,467,312,126,20,45,130,274,452,623,774,891,960,972,934,849,754
122,207,258,273,243,179,104,59,20,0,8,46,104,181,274,376,468,534,570,593
868,730,517,351,208,84,13,96,203,361,506,635,760,865,946,991,991,948,856,729
1031,1117,1155,1140,1098,1020,900,747,538,283,3,245,497,691,825,913,970,1004,1015,1003
611,725,826,897,937,924,854,717,529,318,139,8,54,157,315,519,699,792,898,948
953,854,768,646,535,419,316,227,168,107,45,0,-13,46,156,281,422,548,668,774
904,836,722,589,447,273,113,57,90,205,378,551,679,763,812,843,868,874,880,885
703,567,480,383,289,197,110,29,-54,-142,-235,-332,-431,-534,-640,-750,-864,-981,-1101,-1224
829,935,945,897,775,638,409,248,74,0,37,159,325,522,680,810,960,957,875,777
964,878,764,636,492,347,197,49,-96,-235,-364,-478,-573,-645,-696,-723,-727,-707,-664,-601
999,878,732,591,456,335,221,134,70,34,24,49,99,178,277,386,489,607,732,864
891,800,637,427,255,97,0,91,219,391,546,695,818,908,953,949,897,801,675,526
926,866,742,592,391,225,127,60,105,187,282,435,620,756,844,863,806,678,499,297
900,773,589,344,133,61,119,237,406,598,763,869,904,870,789,668,514,287,86,36
1005,1097,1063,953,791,574,405,181,25,97,212,370,541,718,841,915,948,917,830,655
1037,937,841,724,563,391,188,84,26,67,151,282,451,589,693,775,824,882,940,1025
1054,893,699,474,319,160,71,67,133,259,406,576,748,901,1015,1083,1101,1071,1013,926
821,715,629,577,523,471,419,367,315,263,211,159,107,55,3,55,107,159,211,263
953,856,703,483,287,159,108,124,228,388,579,752,862,882,790,595,369,192,94,87
976,908,795,612,412,234,102,42,79,182,288,492,670,808,883,939,952,922,848,751
527,667,763,813,838,836,807,750,666,557,428,289,155,39,82,211,372,562,738,887
981,880,712,501,366,237,118,40,0,86,212,367,569,741,853,929,988,997,958,893
982,1043,1081,1086,1078,1058,1033,1011,984,958,933,913,897,882,870,860,851,843,836,829
680,829,935,945,897,775,638,409,248,74,0,37,159,325,522,680,810,960,957,875
791,641,523,442,403,414,476,582,721,878,1030,1145,1169,1141,1081,1004,920,839,775,743
905,832,692,575,409,251,120,28,43,161,320,501,700,805,931,967,907,786,609,392
982,851,735,570,377,248,118,23,61,158,273,428,607,761,884,958,906,797,610,388
866,726,524,364,172,76,65,99,183,322,481,636,781,894,952,951,893,800,672,515
104,192,309,425,560,689,832,939,972,947,850,726,583,426,263,108,67,160,304,466
994,977,915,810,669,502,328,164,49,13,55,183,358,579,768,912,993,981,906,791
991,1008,995,952,880,799,674,504,322,189,32,20,92,201,396,563,746,874,976,994
961,894,734,544,336,139,52,62,161,351,532,692,839,923,914,824,685,471,249,82
1022,886,758,556,392,207,76,37,121,256,401,547,704,825,933,932,866,749,586,395
1070,914,812,697,582,469,363,273,194,126,71,28,6,15,55,126,228,356,515,696
1000,899,795,683,550,380,217,103,10,0,18,134,251,427,590,705,829,919,961,947
672,773,749,636,489,302,134,-4,-153,-361,-542,-672,-730,-702,-591,-430,-255,-63,110,276
1033,1122,1126,1077,962,803,619,425,248,99,17,35,133,307,507,671,815,930,1019,994
108,215,309,386,444,481,496,486,457,411,350,279,200,117,38,-43,-118,-187,-244,-285
991,905,762,596,375,203,103,45,130,285,493,664,800,915,997,1026,982,874,703,492
1023,884,725,542,343,188,68,63,233,458,654,805,886,895,831,714,556,387,239,144
726,871,978,993,950,838,701,473,312,138,64,110,203,334,535,716,831,934,943,905
1021,877,713,560,410,292,188,97,28,0,15,73,164,286,432,590,749,886,988,1021
1010,882,726,544,346,213,114,47,8,22,98,214,372,558,740,889,985,1011,963,838
524,725,890,984,991,940,820,683,452,289,102,8,51,173,346,547,709,831,972,979
977,859,737,618,497,375,256,138,20,97,179,260,342,425,507,589,672,754,837,919
972,831,722,643,605,608,651,732,838,944,1004,993,923,823,721,622,556,550,591,666
797,679,543,435,367,217,108,46,84,193,336,499,606,682,752,856,942,977,968,911
868,712,606,504,392,297,170,83,16,52,125,236,398,519,674,790,899,960,968,922
947,855,716,531,332,151,49,9,83,202,358,544,731,863,936,938,867,763,628,465
999,888,757,602,420,252,103,20,95,200,327,461,592,697,789,865,914,953,987,1010
876,770,620,470,359,265,329,502,646,756,832,900,935,934,878,767,612,423,226,61
993,861,652,464,331,176,81,148,338,581,766,895,962,963,899,783,622,435,245,104
789,856,913,962,995,945,827,676,446,267,97,5,64,189,370,556,728,836,940,983
945,897,775,638,409,248,74,0,37,159,325,522,680,810,960,957,875,777,575,426
816,698,539,363,199,44,123,201,290,390,501,623,756,676,624,595,589,606,646,709
955,868,732,574,402,233,68,16,86,191,359,510,661,785,864,886,854,766,631,464
1000,872,759,621,536,445,338,210,109,37,0,17,65,183,316,483,623,737,868,934
1024,975,842,698,537,400,254,124,20,47,125,240,431,571,689,810,918,995,1021,992
708,584,396,210,59,192,337,470,618,768,879,945,923,845,748,576,430,240,99,29
1010,826,592,378,207,33,6,158,372,609,790,916,947,896,782,610,428,238,94,6
716,833,911,964,982,951,845,684,480,325,209,151,166,252,398,581,745,841,913,957
724,873,972,917,795,617,401,230,114,7,50,121,292,502,654,805,942,962,928,726
833,708,601,524,479,469,495,556,651,778,934,922,823,637,401,180,66,48,126,300
605,508,398,282,163,41,0,47,129,259,449,640,795,904,963,965,908,791,642,491
961,916,794,612,402,227,116,9,49,119,288,507,659,809,944,960,924,828,729,554
1021,842,673,515,355,194,32,-129,-289,-448,-606,-763,-919,-1074,-1227,-1379,-1530,-1680,-1830,-1978
463,655,800,903,927,885,767,634,416,256,89,16,52,159,311,507,652,779,927,929
1023,854,655,498,375,291,249,243,268,315,376,445,516,578,622,643,633,586,505,398
907,806,624,419,220,106,38,95,197,317,506,687,824,930,948,907,791,609,408,238
805,621,402,222,108,39,82,181,313,517,712,801,897,948,901,789,631,425,268,140
698,725,804,879,883,926,961,969,906,839,765,693,621,548,474,401,327,254,180,107
991,847,694,580,483,407,349,305,273,252,240,238,245,261,284,314,349,387,427,466
103,237,390,513,601,642,626,554,439,287,105,0,60,173,331,526,657,768,859,918
857,771,618,432,247,85,14,58,139,282,472,644,748,773,723,599,428,250,96,37
747,590,428,271,137,58,54,91,158,280,423,568,694,783,823,806,752,688,578,432
890,743,587,423,251,81,26,86,166,291,446,607,748,849,908,937,944,935,912,876
889,708,525,300,156,99,134,217,404,616,799,913,910,808,623,384,149,93,132,228
772,609,397,203,56,49,94,195,348,526,686,793,843,822,736,595,412,219,61,39
735,596,410,204,64,78,138,295,505,696,851,942,946,867,737,574,394,218,70,71
877,746,605,456,302,153,32,21,45,95,170,288,435,604,784,940,991,922,815,630
723,638,544,441,329,208,78,-63,-220,-361,-495,-620,-734,-836,-925,-1000,-1060,-1114,-1161,-1200
454,677,863,929,915,844,742,618,484,363,276,253,299,395,533,695,853,976,1019,1012
1032,778,623,447,236,73,46,72,154,314,486,665,810,908,935,894,792,625,461,250
747,614,493,453,520,730,966,1021,935,758,557,388,283,288,409,636,905,1110,1147,1082
686,552,487,540,707,887,969,943,814,638,458,362,462,668,882,971,937,887,827,772
802,637,422,251,88,32,88,182,354,559,756,901,976,972,892,751,576,390,239,159
805,661,537,454,412,411,449,522,624,746,875,992,1077,1111,1089,1009,904,791,688,612
732,834,906,945,950,929,884,816,728,629,519,408,326,300,346,458,632,844,1069,1282
778,575,413,230,98,33,79,127,277,466,659,828,972,936,891,756,606,427,226,66
781,643,559,528,559,645,780,933,964,946,892,821,763,764,824,931,1034,1010,938,857
823,683,511,352,249,203,225,327,506,741,993,1126,1135,1023,832,629,448,328,317,406
824,669,515,382,280,256,284,349,499,666,808,903,949,943,896,811,699,575,457,366
766,616,433,180,52,62,160,338,551,759,901,940,897,775,598,381,165,51,33,57
1042,755,578,386,236,99,44,81,130,204,377,583,766,897,949,948,889,784,643,477
718,574,386,203,68,49,64,111,290,496,696,837,916,930,870,760,613,435,242,80
724,598,478,366,263,171,92,27,75,125,279,468,667,830,951,943,887,786,626,442
724,596,438,281,152,86,100,168,285,435,596,739,831,843,756,604,405,200,59,49
840,727,595,459,346,267,231,238,288,376,486,598,694,755,764,712,622,509,399,314
765,634,483,332,201,89,17,25,86,198,349,520,680,803,874,893,858,770,632,456
864,699,548,413,301,216,156,119,103,105,123,155,197,244,291,333,363,375,369,343
778,575,413,230,98,33,79,127,277,466,659,828,972,936,891,756,606,427,226,66
653,895,988,929,834,715,590,473,384,336,336,393,502,644,791,915,983,961,912,821
739,607,419,237,119,88,149,273,442,629,775,852,889,870,786,651,481,296,120,76
658,767,825,854,862,851,830,810,801,802,813,834,854,864,853,822,782,740,707,696
740,493,298,163,85,86,147,268,460,654,798,874,861,764,614,442,278,150,106,141
915,839,704,564,421,276,161,88,53,58,104,207,363,541,716,842,922,954,935,874
777,610,452,321,230,193,214,291,417,576,748,911,1033,1092,1056,934,753,551,376,265
730,582,641,731,816,854,794,663,542,444,460,576,718,876,966,923,822,666,476,282
916,776,620,442,249,77,33,82,144,230,335,452,573,682,764,808,805,762,682,576
712,625,532,433,328,221,113,6,-102,-209,-316,-420,-520,-616,-707,-792,-872,-944,-1007,-1060
673,481,301,127,43,56,150,324,526,726,864,955,964,883,731,548,337,152,27,10
820,676,532,391,256,132,26,29,92,186,293,410,530,642,744,825,874,902,919,927
891,756,606,427,226,66,46,64,112,288,495,701,828,923,958,929,798,603,435,258
878,743,580,397,206,34,75,122,262,455,664,809,907,950,911,747,570,372,183,20
744,554,418,327,282,283,325,402,503,624,751,869,960,1005,997,935,820,660,463,239
1017,934,823,674,488,298,152,82,77,121,227,389,578,741,828,849,809,715,576,415
862,699,480,384,419,523,686,835,961,985,921,802,649,452,241,82,27,75,121,278
795,599,437,271,99,37,76,117,270,465,634,795,932,978,920,768,602,438,276,117
727,639,540,437,334,235,139,51,-28,-100,-165,-220,-264,-297,-319,-329,-329,-318,-296,-264
643,571,445,301,196,141,152,232,362,508,632,702,695,613,481,333,201,116,99,135
759,595,399,213,74,43,96,158,329,544,717,836,894,871,783,641,469,293,124,58
651,834,920,935,908,829,708,570,435,305,191,108,89,111,180,292,429,577,716,819
719,545,415,342,334,390,502,629,739,809,815,764,676,561,439,322,226,165,155,196
967,870,769,667,573,488,412,345,287,238,198,167,145,132,128,132,145,167,198,238
789,579,398,205,119,155,203,369,556,745,912,958,923,798,603,455,296,146,116,134
810,651,595,541,493,447,405,366,330,298,268,240,215,192,171,151,133,116,100,85
755,607,442,279,147,55,20,48,96,174,297,470,652,815,923,959,923,823,674,504
856,704,591,518,460,408,367,338,305,274,239,205,176,157,131,104,73,46,29,42
755,619,536,477,460,478,524,593,675,761,842,910,952,964,944,897,830,758,705,675
724,574,393,216,76,19,72,168,345,547,760,934,1016,982,845,654,446,245,78,32
820,739,740,790,873,943,965,918,819,680,530,398,315,306,377,522,707,886,1026,1114
897,746,575,387,219,96,55,87,181,353,534,706,841,928,959,912,780,598,378,158
827,677,503,303,83,56,78,136,332,569,783,923,979,952,843,650,473,283,67,55
686,490,305,131,66,21,56,143,286,474,672,825,895,882,792,642,466,274,104,19
925,799,613,391,176,63,85,152,316,532,732,865,935,938,876,764,622,461,293,132
832,746,685,633,586,541,496,452,410,369,329,290,252,215,179,144,110,77,45,14
730,596,444,314,229,187,181,212,279,375,489,612,734,839,912,946,930,873,777,658
764,609,452,297,148,101,148,283,488,664,778,867,899,874,795,670,507,318,130,62
884,746,604,453,295,132,42,64,117,227,419,620,766,862,906,917,900,854,777,674
744,639,529,442,379,342,341,376,445,545,670,815,964,875,795,716,642,560,468,367
523,548,594,652,725,804,883,954,1011,1047,1062,1055,1026,974,897,798,688,585,498,448
734,577,410,245,94,49,75,157,289,459,651,831,941,978,932,813,645,452,268,91
837,685,540,401,266,135,8,119,252,389,530,675,824,977,134,293,456,623,794,969
793,635,478,322,167,13,141,292,443,596,749,901,97,245,394,544,696,849,268,147
720,595,439,268,107,72,173,383,583,739,843,872,821,699,526,334,159,34,35,146
645,548,427,301,205,144,133,176,273,408,559,695,791,829,815,753,654,529,395,281
711,554,332,128,48,72,144,288,496,722,878,959,950,894,800,678,541,402,280,177
730,578,369,202,92,53,85,176,321,508,705,866,945,907,778,599,400,225,91,37
671,503,338,177,24,95,151,211,282,428,592,732,820,836,784,658,481,303,156,69
893,736,546,343,176,99,126,255,438,612,752,836,856,819,728,593,432,274,141,62
684,519,377,231,113,72,121,259,461,645,776,844,840,764,625,453,277,128,53,82
711,572,484,467,537,660,836,976,1075,1121,1091,999,884,774,685,632,628,678,772,899
934,801,642,464,278,98,23,59,997,975,955,936,918,900,883,866,850,835,820,806
564,489,487,525,624,758,875,924,904,841,750,648,551,475,444,484,576,697,814,904
898,761,627,505,394,293,202,121,50,9,11,66,176,321,499,692,873,1009,1064,1058
930,762,598,416,225,114,76,95,93,76,70,83,112,174,282,440,623,798,930,992
846,694,532,321,153,92,146,252,471,664,827,910,903,826,712,570,399,203,50,6
898,752,589,393,184,82,104,183,312,479,670,862,1019,1122,1146,1080,934,726,492,270
656,797,875,927,959,974,971,958,940,917,892,866,839,813,787,762,737,713,690,667
715,524,321,151,101,162,249,353,459,566,667,753,819,876,930,978,936,863,781,700
899,756,580,398,238,127,99,123,279,493,673,800,883,917,910,864,779,666,540,417
833,725,643,576,523,483,455,437,428,426,431,442,459,480,505,533,563,595,629,665
608,473,343,248,215,240,335,497,749,940,905,820,665,504,378,305,297,352,463,635
893,729,523,350,217,141,119,148,231,361,524,705,882,1029,1134,1197,1220,1207,1162,1090
697,856,941,959,916,825,694,531,359,199,89,58,94,141,263,427,619,782,872,876
893,753,611,451,274,79,22,75,176,342,510,650,737,785,779,721,612,476,333,199
887,738,582,413,237,70,1,37,110,206,322,450,578,695,791,857,888,877,829,751
795,725,605,445,266,94,99,171,307,507,716,860,943,957,906,800,651,484,317,166
742,657,556,446,340,237,141,54,-36,-119,-202,-276,-341,-395,-437,-468,-486,-492,-486,-468
928,769,580,372,182,72,74,187,342,519,684,800,877,859,763,622,451,265,84,7
969,849,674,479,297,169,134,215,402,633,825,915,924,856,730,572,405,263,180,180
627,809,970,976,913,771,614,444,258,58,-83,-69,28,202,403,611,798,951,1014,970
943,874,726,558,381,223,115,117,219,402,596,772,900,960,929,812,632,409,194,48
625,438,295,190,131,118,151,230,355,526,743,1006,1315,1670,2071,2518,3011,3549,4133,4762
957,954,908,819,684,510,305,96,52,182,347,502,708,835,936,977,897,771,580,365
962,809,628,421,246,157,156,230,381,574,727,820,830,760,636,484,319,161,74,94
686,828,928,976,902,754,605,426,223,100,52,59,142,280,472,678,832,955,948,882
708,572,449,361,319,323,372,465,598,757,927,1087,1230,1349,1438,1492,1509,1487,1424,1320
775,944,1037,1090,1049,953,805,653,482,281,146,108,114,206,333,535,736,898,1005,998
727,867,956,949,928,902,766,603,392,191,98,82,118,219,374,584,767,896,954,951
927,801,607,484,468,579,770,977,1073,1044,974,927,819,662,526,458,486,562,678,794
914,767,628,487,346,202,61,-83,-216,-339,-434,-505,-537,-529,-488,-411,-312,-204,-100,-7
975,500,625,750,875,1000,500,625,750,875,1000,500,625,750,875,1000,500,625,750,875
984,871,756,649,540,429,316,201,84,-33,-151,-269,-386,-502,-616,-729,-840,-947,-1051,-1152
791,633,419,226,105,110,238,400,600,744,838,875,853,773,660,532,413,262,131,63
988,878,805,694,534,367,194,99,178,331,511,670,786,849,852,796,699,566,417,276
1006,953,854,710,528,325,138,52,-25,-55,-33,26,153,340,545,747,896,967,965,902
719,517,360,266,257,326,466,652,839,991,1081,1082,1010,883,731,577,424,289,195,159
1013,930,856,791,734,685,643,609,583,566,557,556,563,579,603,634,672,717,768,825
910,798,653,485,300,114,19,49,141,279,446,616,754,836,862,830,738,603,439,259
1024,951,778,577,374,195,112,128,243,431,618,770,857,859,777,616,413,220,86,41
1015,950,854,731,589,439,271,117,39,57,163,306,465,658,808,920,982,992,950,857
876,754,622,504,432,374,316,278,252,226,206,192,182,181,186,200,220,240,268,298
1013,750,513,369,273,256,320,450,647,833,946,957,865,720,539,355,205,134,160,270
791,661,632,453,302,196,136,73,51,37,62,171,323,531,731,868,932,928,864,773
981,865,676,442,220,82,65,157,300,481,678,824,908,946,900,781,616,428,247,123
824,741,601,426,241,72,57,160,300,464,666,824,920,951,905,776,622,443,279,159
856,935,957,880,790,571,421,232,122,47,42,163,308,460,661,823,907,961,893,803
721,641,513,363,211,82,70,185,332,489,640,746,795,776,704,608,457,281,115,36
736,617,521,449,401,377,377,401,449,521,617,736,877,1039,1220,1438,1682,1959,2272,2619
836,756,680,536,364,142,-68,-292,-492,-661,-770,-866,-869,-793,-642,-493,-297,-90,90,227
937,813,687,548,428,342,382,495,660,797,813,725,626,512,386,276,242,244,280,346
666,837,948,934,831,639,448,257,113,58,69,144,290,484,694,823,876,854,764,604
805,699,558,431,337,225,123,35,55,133,243,390,556,708,818,877,939,977,931,833
740,651,547,436,325,213,102,-9,-121,-234,-347,-461,-577,-694,-812,-931,-1051,-1172,-1294,-1417
721,949,1030,1013,930,801,635,456,282,121,25,55,142,280,453,649,845,1015,1054,1031
968,900,805,685,535,364,184,69,66,176,316,467,656,808,894,962,907,821,708,568
958,764,622,534,498,514,580,688,812,924,999,1019,992,918,802,653,482,306,145,19
743,819,895,904,827,738,645,529,381,210,97,69,78,157,302,464,666,828,936,946
939,809,616,392,169,82,136,254,444,672,840,936,937,869,757,585,371,188,95,108
979,871,761,669,573,487,410,321,244,171,101,37,18,63,131,223,337,461,585,707
972,804,611,418,222,109,58,121,276,408,517,573,556,482,377,250,123,31,87,209
733,891,985,1000,938,800,638,477,277,142,71,85,179,313,509,728,874,955,970,930
954,825,706,600,516,454,414,395,397,420,464,528,610,709,824,955,1100,1258,1430,1615
1001,892,759,596,384,207,76,66,188,350,543,727,865,944,967,920,813,663,477,279
699,524,370,248,159,103,80,90,133,209,318,449,591,732,854,937,958,909,806,657
877,784,687,591,508,446,408,408,441,506,595,692,776,850,904,934,937,912,866,806
842,749,631,502,375,267,168,73,24,47,183,326,482,647,823,967,886,769,614,480
724,920,993,949,817,635,431,238,112,68,100,203,337,513,698,843,925,951,916,821
794,723,660,605,558,520,489,466,450,440,437,440,151,260,377,502,635,776,925,82
717,643,489,330,204,110,166,273,468,681,787,848,873,858,806,728,639,561,473,384
939,852,776,691,586,511,484,447,366,269,159,95,62,108,180,287,431,632,791,899
732,652,569,454,331,217,131,122,134,237,302,394,559,679,798,896,972,1017,1008,984
724,868,945,961,916,824,704,572,435,307,198,123,89,105,180,296,446,626,788,890
713,875,978,935,859,711,559,388,187,52,14,20,112,239,441,642,804,911,914,856
998,908,791,558,390,202,47,68,187,346,532,681,777,807,766,663,511,336,164,33
948,778,538,324,210,162,245,396,560,725,868,962,991,947,827,660,486,341,261,279
1028,757,621,518,611,727,928,1144,1366,1473,1416,1339,1259,1174,1084,869,719,530,320,184
948,790,607,416,255,143,97,160,287,459,635,787,890,923,881,769,609,440,288,187
668,519,342,155,159,248,403,571,730,867,961,1013,923,823,605,459,290,123,52,134
727,778,715,566,355,148,87,174,314,468,651,798,906,956,889,801,601,417,260,145
750,603,432,236,114,114,234,419,639,840,937,932,876,789,598,390,280,155,82,182
703,621,537,450,360,267,171,72,29,120,230,342,450,557,660,759,853,942,1024,1099
1005,1103,1126,1068,936,736,504,282,140,104,168,276,449,656,866,1029,1096,1076,1011,899
980,869,697,514,402,427,580,747,871,942,924,866,800,705,572,416,250,119,66,151
704,917,992,950,852,731,601,455,297,141,110,118,166,258,389,551,723,873,965,982
694,847,949,930,896,833,735,578,389,183,72,98,185,319,514,740,877,961,983,921
745,889,993,946,867,725,588,432,248,142,101,147,244,428,606,764,895,986,927,828
986,804,598,369,220,158,205,356,548,730,867,923,876,740,541,338,164,51,64,204
944,857,778,699,600,481,342,183,39,-121,-268,-350,-357,-291,-163,-24,134,277,379,432
837,949,960,901,790,635,446,242,79,46,128,274,472,706,873,955,939,845,700,526
952,846,719,565,398,222,53,63,166,321,488,654,800,888,931,928,884,802,693,565
988,982,913,844,696,531,384,252,142,75,71,142,297,488,712,858,918,903,876,815
834,997,976,888,801,642,436,282,146,79,39,53,162,337,539,706,830,909,954,904
961,993,986,928,840,725,601,485,403,330,243,157,87,71,147,222,345,467,591,641
709,811,883,927,952,910,793,652,498,340,196,85,47,131,266,460,637,809,939,967
737,588,427,241,81,87,190,314,516,745,889,968,989,912,822,603,453,264,154,79
737,809,754,622,443,271,130,82,118,209,338,498,637,709,681,549,378,204,96,98
792,677,519,357,193,50,-14,-33,75,227,421,607,742,824,860,856,823,772,697,605
918,824,713,589,455,328,244,231,292,409,550,679,752,735,653,526,381,276,233,260
910,785,624,413,210,100,113,238,433,648,806,900,948,943,888,799,637,441,237,128
780,690,546,443,400,476,624,776,947,1148,1283,1321,1315,1223,1096,894,693,531,424,431
746,603,441,277,141,66,45,114,253,461,644,772,822,776,642,448,228,152,239,384
1005,957,874,748,620,454,271,151,80,45,125,246,442,671,837,936,971,924,848,729
767,643,525,457,463,545,676,805,893,937,926,855,756,636,517,444,435,498,627,758
1019,957,888,795,692,584,484,392,328,297,338,456,635,839,964,993,928,797,599,374
780,866,934,964,955,908,825,719,603,487,371,255,140,38,79,161,284,430,596,763
911,854,781,692,588,472,352,232,120,33,16,97,219,413,623,799,904,958,929,835
943,872,767,637,479,310,116,18,96,233,402,591,772,888,932,910,828,704,558,401
881,795,614,444,250,119,65,139,197,276,456,604,732,852,948,942,894,818,619,471
981,869,792,699,601,444,294,145,61,48,123,242,376,540,732,876,960,974,927,842
862,731,547,345,219,166,197,313,496,699,841,926,966,942,862,747,613,483,378,329
665,767,872,906,869,730,546,357,179,83,75,131,253,442,648,757,813,826,796,719
782,721,617,465,281,88,37,130,269,465,660,805,898,939,918,826,675,481,264,68
