392,384,372,357,341,323,305,287,270,256,244,236,231,225,218,209,197,180,157,127
406,402,394,384,374,365,357,349,342,337,333,331,330,330,331,332,334,336,338,340
400,391,375,352,326,299,274,254,241,234,232,236,244,256,270,285,300,313,323,330
407,401,392,382,370,357,342,326,308,288,267,245,222,199,175,152,129,107,86,67
412,418,420,418,413,406,397,389,381,375,371,369,369,370,373,376,380,384,387,390
409,408,402,393,381,366,349,330,309,288,266,244,223,203,186,171,160,152,147,144
398,421,428,419,397,368,337,311,294,289,296,310,327,343,354,356,349,336,322,316
409,404,396,388,380,374,369,365,363,361,361,362,364,367,371,375,380,384,388,393
400,396,386,369,346,317,282,241,194,141,82,17,-46,-113,-182,-251,-318,-381,-438,-487
397,417,432,443,448,447,439,425,407,387,366,346,328,313,302,295,293,296,304,316
411,418,419,416,409,400,389,378,368,360,354,351,351,354,359,366,374,382,388,392
403,393,379,364,350,337,326,316,308,301,295,290,285,280,276,272,268,264,261,258
394,383,367,350,335,325,321,324,334,347,361,375,388,397,401,400,396,389,380,371
389,393,392,387,378,365,348,327,304,282,262,245,232,225,224,229,238,249,260,269
422,432,436,432,422,408,393,379,368,360,355,354,356,360,365,370,372,373,374,375
392,391,384,371,353,331,305,278,249,220,193,168,146,128,114,104,98,95,94,95
395,385,375,369,366,366,369,373,378,382,386,390,393,395,397,398,399,400,400,400
413,413,404,389,372,356,342,332,324,319,317,318,323,332,343,355,366,376,383,388
399,391,375,353,328,300,269,234,198,161,124,88,53,20,-11,-38,-60,-76,-84,-84
414,413,408,403,400,399,399,400,402,404,407,410,414,419,425,432,440,448,456,464
397,390,382,375,368,362,355,349,342,336,330,323,317,311,304,298,291,285,278,272
417,422,423,420,413,402,388,371,352,333,317,304,294,286,280,275,270,263,256,248
401,394,383,371,360,352,347,345,345,347,350,353,358,365,372,380,388,396,404,412
400,409,413,412,407,398,387,374,360,345,329,313,297,281,266,252,240,229,221,215
401,391,376,359,343,331,326,330,343,365,392,420,444,458,459,445,415,374,328,284
401,397,385,368,350,335,326,320,319,323,329,337,346,353,358,361,362,361,357,352
410,408,401,389,373,355,336,319,304,292,283,278,277,279,284,290,297,304,311,316
414,413,403,387,369,351,336,326,320,317,315,315,316,316,315,313,310,306,302,300
401,392,379,363,347,335,327,325,327,332,340,349,359,369,379,388,395,399,399,397
398,396,389,377,360,337,308,273,232,185,132,73,8,-57,-126,-203,-284,-366,-447,-525
413,424,433,440,445,448,449,448,445,440,433,424,413,400,385,368,349,328,305,280
408,403,396,388,380,371,362,353,343,334,325,316,307,298,289,280,271,261,252,243
404,405,406,406,405,404,403,403,403,402,401,401,401,400,400,400,400,399,399,399
399,390,376,355,325,289,252,215,183,159,145,143,151,165,182,198,209,214,214,211
398,395,386,372,355,338,322,309,301,299,304,316,332,348,359,361,356,347,336,327
394,386,370,349,326,303,281,261,244,230,220,214,212,214,218,225,234,245,258,272
393,384,381,383,389,399,412,428,446,464,481,495,505,511,512,508,499,486,472,459
404,399,395,392,390,389,389,390,392,394,397,400,403,406,409,412,415,417,419,421
395,383,372,365,363,364,369,376,385,395,405,415,424,432,438,442,444,443,441,437
416,425,430,430,425,416,404,392,379,368,359,353,350,350,354,360,367,374,382,388
407,399,386,369,350,333,318,307,301,300,304,312,323,336,349,359,366,371,375,377
402,412,420,424,424,420,411,399,385,370,355,341,327,314,303,296,292,292,295,302
415,418,414,403,387,369,349,330,312,297,286,280,279,282,287,295,304,311,314,313
413,418,419,415,406,394,381,368,356,346,339,336,335,339,346,355,365,374,381,386
403,405,410,416,419,421,423,425,427,428,429,430,431,431,431,430,429,428,426,423
402,393,382,370,357,344,331,318,306,295,286,279,274,271,270,271,274,279,286,295
396,398,391,377,357,332,303,271,237,201,165,128,91,55,20,-13,-40,-59,-70,-73
411,414,412,405,395,385,377,373,376,386,398,406,407,401,389,373,357,346,345,352
413,421,420,411,396,378,361,347,339,339,345,355,367,378,387,389,382,370,359,351
416,422,420,417,412,406,401,397,393,389,385,382,378,375,371,368,365,362,359,356
393,384,375,369,366,366,368,372,377,382,387,390,391,391,390,389,389,389,390,390
397,402,402,401,398,393,386,378,369,359,348,335,321,306,290,274,257,239,222,204
396,384,369,351,330,306,279,251,221,191,163,136,112,92,76,65,58,55,54,57
397,406,418,432,448,464,480,496,512,528,544,560,576,592,608,624,640,656,672,688
399,381,358,336,319,307,303,308,322,343,369,398,427,454,477,494,503,503,495,479
409,415,422,428,435,442,448,455,462,468,475,482,488,495,502,508,515,522,528,535
404,396,385,372,357,341,325,309,294,281,271,263,258,256,257,260,266,274,283,293
410,413,411,402,384,359,326,286,241,193,146,104,70,48,41,52,77,113,157,204
388,392,397,404,411,418,425,432,439,446,453,460,467,474,481,488,495,502,509,516
413,418,415,407,394,376,355,333,310,288,268,251,238,229,225,226,231,239,248,257
413,422,431,438,443,446,447,446,442,437,431,424,417,409,402,395,388,382,376,371
421,429,432,430,423,412,397,380,360,337,313,289,266,245,227,213,204,200,201,206
402,398,391,380,366,350,333,317,302,289,279,272,269,270,275,283,293,304,314,324
414,396,376,355,335,317,301,288,278,270,264,259,256,254,252,250,248,246,244,242
418,411,393,368,342,319,301,288,284,289,301,316,329,337,339,335,330,328,331,339
400,394,381,365,346,326,305,285,266,249,235,225,220,220,225,235,249,266,285,305
413,420,419,409,393,373,354,339,331,332,343,362,385,405,419,424,421,414,405,396
404,401,399,398,399,402,406,411,416,420,423,425,425,424,422,419,415,411,408,405
417,424,425,419,408,397,390,391,396,403,411,419,426,433,438,440,437,430,419,406
402,392,377,359,338,314,287,259,229,199,169,139,110,81,53,27,4,5,30,62
393,382,374,370,370,373,379,387,396,405,413,419,423,425,425,423,419,415,411,409
398,393,389,386,384,383,383,383,384,386,389,393,398,404,411,419,428,437,447,457
403,396,388,379,369,358,347,334,322,309,296,283,271,260,250,241,233,226,220,215
395,387,371,349,324,298,273,250,232,218,209,205,206,212,221,233,246,260,272,282
415,415,407,389,364,334,303,276,259,259,274,305,347,391,430,461,475,466,438,400
429,450,466,477,484,487,486,482,476,467,455,443,430,416,402,389,377,367,358,352
420,418,415,413,410,407,405,402,400,397,395,392,390,387,385,382,379,377,374,371
389,389,385,377,366,351,331,308,282,254,225,196,167,139,112,87,65,47,34,28
396,380,357,332,309,289,275,268,270,280,293,305,315,320,321,319,316,314,314,316
402,405,410,415,419,423,426,429,431,433,435,436,437,437,437,436,435,433,431,429
415,418,411,394,369,339,308,280,257,243,240,248,267,293,320,342,355,358,351,335
404,397,388,380,374,371,369,368,370,373,376,379,382,384,386,388,389,390,390,390
398,406,408,403,394,383,372,363,356,352,350,350,352,355,359,363,367,370,372,374
402,385,367,349,332,316,301,288,276,266,257,250,244,239,235,232,229,227,225,224
414,399,383,369,355,342,331,321,313,306,300,296,293,291,291,292,296,300,305,311
406,408,415,426,439,452,465,475,482,485,485,482,478,473,467,463,460,459,459,461
405,399,394,390,387,385,383,382,381,381,380,380,380,380,380,380,380,380,380,380
400,407,407,400,388,373,356,339,324,312,306,305,308,315,326,339,352,365,375,382
416,421,421,416,409,401,393,386,379,374,369,366,365,366,367,369,372,375,378,381
406,402,397,393,389,386,383,381,380,380,380,380,380,381,383,386,390,395,400,405
405,400,396,394,393,392,391,390,389,389,388,388,387,387,386,386,386,386,386,386
402,393,379,361,339,315,289,262,235,208,183,159,137,116,97,80,65,53,44,38
400,391,379,365,349,330,310,287,261,235,206,175,141,106,69,31,-8,-51,-95,-139
390,378,365,352,339,326,313,300,287,274,261,248,235,222,209,196,183,170,157,144
405,398,390,384,381,380,381,385,390,396,402,407,411,413,414,414,414,413,411,409
413,420,419,411,398,383,368,355,346,341,340,343,348,356,366,375,383,389,393,395
417,420,419,416,411,404,395,386,376,366,356,347,339,333,328,325,324,325,328,333
412,409,397,380,360,341,323,309,301,300,305,314,324,333,339,342,340,334,325,313
411,410,403,389,369,347,329,319,319,327,340,353,363,367,365,357,349,344,344,350
400,393,381,368,355,346,339,334,332,333,336,340,346,352,358,363,367,371,373,375
401,390,374,357,339,322,307,292,280,270,262,257,255,254,255,258,262,266,269,272
402,390,372,351,328,305,282,260,240,223,208,197,189,185,183,183,186,191,196,203
395,387,379,372,365,358,352,346,341,336,332,328,325,322,319,316,314,311,309,307
409,403,390,374,356,339,324,313,306,303,304,309,317,327,338,350,361,369,375,379
401,391,376,359,343,331,326,330,343,326,249,238,251,284,328,374,415,445,459,458
384,393,404,419,436,455,475,494,512,527,538,545,548,547,542,532,518,501,480,456
399,392,381,367,350,331,310,286,260,231,200,167,134,103,74,49,29,16,10,10
395,383,375,373,375,379,386,394,402,409,414,417,418,417,415,413,411,410,409,408
400,394,380,359,333,302,268,232,195,160,127,98,73,52,37,28,25,28,37,51
424,436,439,434,423,410,398,389,385,387,393,402,412,423,434,443,452,459,464,468
415,411,405,396,387,378,368,359,350,342,332,323,314,305,297,288,280,271,263,254
396,389,382,375,368,361,354,347,340,333,326,319,312,305,298,291,284,277,270,263
406,394,382,375,372,373,377,384,393,401,407,410,409,405,399,393,388,386,386,388
419,423,416,400,377,353,325,296,267,243,226,220,222,231,245,260,275,287,295,298
414,421,419,405,383,358,333,310,291,278,272,272,275,281,289,297,303,307,309,309
384,375,359,337,310,279,244,207,170,134,102,74,52,38,34,39,52,71,92,111
399,388,380,377,379,385,393,402,411,419,426,430,431,429,425,420,413,406,398,391
427,413,392,366,336,304,271,238,206,175,146,120,99,81,66,54,44,36,30,26
400,397,387,369,344,313,278,239,198,156,115,75,38,6,1,3,12,26,43,62
420,433,440,439,432,419,402,383,365,350,340,334,332,334,339,346,354,361,367,371
403,397,384,367,349,331,315,301,291,285,283,285,290,296,303,311,318,324,329,332
414,398,376,349,319,289,262,241,225,215,210,210,213,219,227,236,245,253,259,261
406,399,389,375,359,343,326,309,293,278,264,251,239,229,221,215,210,207,205,204
406,401,395,386,376,366,358,352,348,347,349,352,357,361,365,367,368,368,366,365
390,376,359,343,325,305,283,260,235,209,183,156,130,105,81,59,40,24,11,1
415,423,424,418,409,398,386,374,365,359,360,369,384,403,422,436,441,438,428,416
408,401,388,369,348,329,315,307,305,307,312,319,327,334,340,342,342,339,333,325
397,395,389,379,365,347,325,299,271,241,209,176,143,110,78,48,21,-3,-22,-37
411,408,396,376,349,316,279,239,197,155,113,72,34,2,-22,-34,-32,-16,14,50
394,389,387,390,397,406,416,424,430,435,438,440,441,441,439,437,435,433,431,430
413,408,397,383,366,347,327,306,285,267,252,242,237,238,245,255,267,279,288,292
399,388,374,359,342,324,306,286,266,247,227,208,190,174,160,148,138,131,128,128
427,436,431,417,398,377,359,347,343,348,360,376,391,404,416,423,425,421,413,401
405,399,387,375,367,364,366,372,376,377,377,378,378,378,378,378,378,378,378,378
415,419,413,399,378,352,323,292,262,234,208,186,167,152,141,133,127,123,121,120
395,386,376,367,359,352,346,342,339,338,339,342,346,351,357,365,373,382,392,402
403,396,387,379,372,367,364,362,361,361,362,364,366,368,370,372,373,375,376,378
410,416,419,418,413,404,392,376,357,334,307,276,240,199,153,102,46,-17,-80,-147
386,387,383,376,366,354,341,329,317,307,299,294,293,295,300,308,317,325,330,331
404,398,390,380,369,357,343,328,312,295,278,261,243,226,209,193,178,164,151,139
395,385,372,358,344,332,322,313,307,303,301,301,303,305,308,312,316,320,323,325
414,420,417,408,396,384,376,375,378,384,391,399,405,408,407,403,398,393,389,386
415,423,424,419,411,400,388,376,365,357,352,350,352,356,362,369,376,381,384,385
407,403,397,390,381,371,359,346,332,317,302,287,271,256,241,227,214,202,192,183
398,393,384,373,363,361,367,380,397,413,428,440,446,444,435,420,403,389,380,379
385,394,394,385,367,343,317,290,265,242,223,207,196,191,192,198,207,217,227,234
397,385,368,350,335,325,321,324,334,349,366,383,398,409,417,421,421,418,413,406
391,384,376,368,359,349,338,327,316,305,295,285,277,270,264,260,257,255,254,255
411,413,415,417,419,421,423,425,428,430,433,435,438,440,443,446,449,452,455,458
404,397,387,375,363,352,343,336,333,334,339,347,357,369,382,395,407,418,426,430
412,408,399,387,372,356,338,319,301,283,267,252,239,228,220,216,214,215,219,225
400,392,378,361,345,331,320,315,316,323,335,351,369,388,405,419,428,431,430,426
408,402,389,370,349,330,315,307,304,305,308,313,317,321,324,327,328,327,325,323
403,394,382,370,359,351,346,345,347,352,358,365,372,378,382,385,386,385,382,378
398,390,372,349,326,305,289,280,279,284,293,303,313,321,327,330,332,333,333,333
395,384,375,369,366,365,366,369,374,381,389,398,407,416,425,434,443,452,460,467
395,388,380,371,361,351,342,334,326,318,311,305,300,295,290,286,282,279,276,274
399,386,372,361,356,357,363,373,386,400,413,424,431,434,434,429,419,406,389,370
419,426,425,417,402,381,356,329,301,275,253,239,236,244,261,283,305,323,334,336
401,392,375,353,329,305,283,265,251,244,241,242,246,252,258,263,267,270,271,271
395,380,366,355,348,344,344,346,349,353,357,361,366,370,374,378,382,386,390,394
395,385,377,372,370,371,376,383,391,399,406,411,414,415,415,413,410,405,399,393
411,416,416,410,401,390,378,366,356,350,349,353,361,372,385,398,412,425,437,447
406,403,398,392,386,380,373,367,361,355,348,342,336,330,324,318,312,306,300,294
412,416,418,418,416,411,405,399,394,390,386,383,380,378,376,375,375,375,376,377
412,420,421,415,402,386,370,361,358,361,367,372,373,369,362,356,354,358,365,373
419,429,432,431,426,417,406,393,379,364,350,337,326,317,311,308,307,309,312,316
396,380,362,345,330,319,314,316,324,336,350,365,378,389,397,402,403,401,396,388
408,398,381,363,353,349,349,350,354,358,362,367,370,372,375,377,379,381,383,384
408,410,410,407,401,392,381,369,358,348,341,335,332,331,332,335,339,344,348,353
401,392,375,354,334,318,308,303,305,313,325,337,347,355,361,367,370,371,372,372
410,407,395,378,359,342,329,324,328,339,353,367,378,384,384,377,364,349,336,328
420,416,405,388,367,342,316,289,263,239,220,205,195,190,190,195,204,217,233,251
408,405,399,389,376,359,339,316,292,267,241,216,192,170,150,132,117,105,96,90
426,443,454,458,455,446,432,413,391,367,342,316,291,267,244,224,207,194,186,183
413,417,417,410,397,382,365,349,336,328,327,333,343,356,370,382,389,391,390,389
377,663,881,988,980,873,697,490,290,129,29,0,36,125,244,371,482,562,602,599
409,406,396,380,362,342,321,301,282,266,252,243,238,238,242,250,259,266,270,272
424,433,433,426,414,399,384,372,366,367,374,384,395,405,412,415,414,411,405,398
394,382,375,374,378,386,398,414,433,455,477,498,517,532,544,552,556,556,552,545
413,418,419,416,409,400,391,386,387,392,399,407,413,417,419,418,416,411,404,396
413,411,402,386,363,335,304,270,235,200,166,134,105,80,59,43,32,27,28,35
398,394,383,365,342,314,281,246,210,175,142,113,88,68,54,46,45,50,61,76
386,394,394,386,369,345,317,289,269,256,254,258,268,281,293,299,298,292,285,279
401,404,410,418,426,434,442,450,458,466,474,482,490,498,506,514,522,530,538,546
402,390,382,376,372,373,376,380,385,391,397,403,408,412,416,418,419,419,418,416
405,401,397,394,393,393,395,398,401,405,408,411,414,417,420,422,423,423,423,423
407,407,401,390,375,359,344,332,325,322,324,331,341,352,367,380,393,402,408,409
397,404,405,399,384,362,335,305,274,244,216,191,171,155,144,138,136,137,141,148
399,392,382,370,358,346,335,324,314,304,296,289,283,277,272,267,263,259,256,253
411,408,397,379,357,334,309,283,256,229,204,179,157,139,125,114,108,105,104,106
412,416,417,415,409,401,393,386,382,381,381,383,388,393,397,399,399,398,396,393
420,425,426,423,416,405,392,377,360,343,329,318,311,310,315,324,335,346,354,358
408,403,395,386,376,366,355,345,336,327,319,312,306,300,295,291,288,286,285,284
392,386,376,362,344,322,297,267,233,197,158,118,77,37,1,-34,-64,-89,-109,-124
402,394,384,372,358,343,327,310,292,275,258,242,227,213,200,189,180,173,168,165
403,391,375,359,346,338,333,332,335,340,346,353,360,366,372,378,383,387,390,392
408,403,392,375,354,331,305,277,249,220,191,163,137,112,91,73,59,48,40,35
399,390,377,362,347,332,317,302,287,272,257,242,227,212,197,182,167,152,137,122
406,399,389,377,364,350,336,321,308,296,286,278,272,270,270,273,278,285,292,300
395,392,389,386,383,380,377,374,371,368,365,362,359,356,353,350,347,344,341,338
404,397,390,383,376,369,362,355,348,341,334,327,320,313,306,299,292,285,278,271
408,398,381,359,333,306,280,258,241,229,221,219,223,231,242,253,263,269,273,274
398,392,378,358,335,310,283,256,227,198,170,143,119,97,78,62,51,44,40,39
404,398,389,380,372,366,361,358,357,356,358,360,364,370,376,383,391,399,406,414
404,401,396,389,380,369,357,344,329,314,298,282,266,250,235,221,208,196,186,177
420,436,455,475,493,508,519,526,530,529,525,516,503,487,467,443,419,394,369,346
403,393,381,368,354,340,327,314,302,291,282,275,270,267,266,267,270,275,282,291
420,426,432,438,445,452,459,466,473,480,487,494,501,508,515,522,529,536,543,550
378,383,394,411,431,456,484,515,548,582,617,651,683,712,736,754,766,772,771,763
403,393,380,365,350,334,318,303,288,275,264,255,249,245,242,241,240,241,243,246
406,403,398,392,385,378,371,365,359,353,348,343,339,335,331,328,325,322,319,317
401,392,393,402,419,443,465,481,489,489,479,459,433,404,378,357,345,345,352,367
415,417,408,390,363,331,299,272,254,246,248,259,275,291,302,307,304,294,279,265
402,396,390,386,385,387,389,392,395,398,401,404,407,409,411,412,413,413,413,412
415,413,407,398,388,378,369,361,355,351,350,350,352,356,361,366,371,376,380,384
407,402,391,376,359,343,331,326,330,343,359,376,391,402,407,407,401,389,370,346
398,394,381,358,327,291,252,214,180,153,133,121,117,121,132,148,166,182,195,203
396,385,377,371,366,361,356,351,347,343,339,335,331,328,324,321,318,315,312,310
408,412,419,428,439,452,466,480,494,507,518,528,536,542,546,547,545,540,532,520
396,387,378,370,363,357,352,348,344,341,339,337,336,335,334,334,334,334,334,334
412,415,415,413,408,401,393,386,379,374,371,369,369,370,373,376,380,384,388,391
398,399,398,395,390,383,374,363,351,338,324,309,294,278,262,246,230,215,201,188
402,395,384,372,361,354,349,345,342,340,340,341,346,352,359,366,373,379,383,386
396,388,384,386,396,411,428,446,463,476,484,487,486,484,481,479,479,482,486,491
407,396,380,359,333,301,265,226,186,147,111,79,52,31,18,14,19,32,52,77
401,405,411,419,426,433,438,441,443,444,443,440,436,431,425,418,412,405,399,394
402,390,370,346,320,293,268,245,225,208,197,190,187,188,193,202,214,227,242,258
398,404,404,398,388,375,360,345,334,327,324,327,334,344,360,378,396,412,424,430
412,417,420,422,423,423,422,420,417,413,409,404,399,394,388,383,379,375,372,370
404,399,395,392,390,389,388,387,387,387,387,387,387,388,388,389,390,391,391,392
406,398,386,372,358,345,332,320,311,305,302,301,303,307,313,320,328,336,344,351
399,387,372,355,337,318,299,281,263,246,230,216,204,194,185,180,179,182,189,200
395,379,363,350,342,338,338,343,352,363,376,390,403,415,423,425,421,410,394,376
440,432,417,396,373,355,344,341,348,362,379,395,405,406,401,389,372,354,341,337
400,399,396,391,384,375,364,351,336,319,300,279,256,231,204,175,144,111,76,39
395,382,368,357,352,354,361,372,384,397,409,419,427,432,434,434,431,426,419,411
409,406,397,384,368,350,331,314,300,291,289,294,304,317,330,341,348,353,355,355
411,418,421,420,418,415,414,416,420,423,425,427,429,431,433,435,437,439,441,443
392,365,343,330,326,331,343,359,376,391,402,407,407,401,389,375,361,351,347,349
417,420,414,398,375,348,321,297,279,268,267,275,290,307,323,334,337,332,322,310
401,392,382,373,366,361,359,359,362,368,376,384,392,400,406,412,417,420,422,422
417,429,438,444,447,447,445,441,435,428,419,409,398,387,376,366,356,348,342,337
403,393,379,362,343,321,296,269,238,204,166,125,81,34,16,28,69,132,218,327
415,420,408,380,346,310,274,238,206,181,165,157,157,162,172,184,194,199,201,201
392,386,376,364,349,332,315,298,282,269,258,249,243,239,238,239,242,246,250,253
403,396,386,373,358,342,325,308,291,275,259,245,234,225,219,217,218,222,227,233
400,392,383,375,366,358,350,342,334,326,318,310,302,294,286,278,270,262,254,246
408,404,394,378,360,340,317,295,274,255,238,223,210,198,189,181,175,169,165,162
410,405,397,388,378,369,360,352,347,343,339,337,335,333,332,331,331,331,331,331
372,367,363,361,360,360,361,363,366,369,372,375,378,381,384,387,390,393,396,399
396,384,375,370,371,376,385,397,411,426,441,455,466,475,481,485,486,485,482,477
414,409,397,380,360,337,312,287,263,240,221,205,193,185,179,175,171,167,164,161
406,397,382,365,349,339,338,343,352,359,362,359,353,346,339,334,331,330,330,331
396,384,370,354,338,322,306,291,277,264,253,244,238,234,233,235,240,248,257,268
398,392,379,360,336,309,281,254,228,204,183,165,150,138,128,121,116,113,111,110
394,386,372,354,335,317,301,289,280,272,266,262,259,257,255,254,254,255,256,258
421,431,437,438,434,426,416,405,394,384,376,370,368,370,373,379,385,391,397,403
406,403,400,397,395,393,391,389,387,385,384,382,381,379,378,377,376,375,374,373
424,432,432,425,411,392,370,346,321,296,271,248,228,211,198,190,188,191,198,208
397,387,380,377,378,382,388,396,405,414,422,429,434,436,436,433,428,421,411,400
392,383,373,366,362,359,358,358,359,361,364,367,371,375,378,382,385,387,390,392
407,394,377,358,342,330,322,318,317,319,322,326,330,334,338,340,342,343,343,342
418,415,411,405,397,388,378,366,353,340,327,316,305,296,287,280,274,269,266,264
397,404,412,418,421,421,419,415,409,403,396,388,381,374,367,360,354,350,347,346
425,436,448,455,459,458,454,448,439,428,416,401,386,369,353,338,324,311,299,289
392,379,368,363,366,373,383,394,404,411,415,416,413,408,400,391,382,374,368,364
411,416,418,418,416,411,405,397,389,380,373,366,361,357,355,355,355,356,359,362
417,423,422,414,403,392,384,379,381,390,404,417,431,443,449,448,446,444,443,443
400,389,375,362,354,359,378,398,418,434,442,440,430,415,400,392,388,389,392,396
403,392,377,362,347,333,321,312,306,303,303,305,309,314,319,324,329,333,336,339
406,403,399,396,394,392,390,388,386,384,382,380,378,376,374,372,370,368,366,364
394,383,374,368,364,362,363,366,370,375,380,385,389,392,395,397,398,399,399,398
414,413,399,376,348,319,292,271,259,259,270,292,322,354,382,402,412,411,400,383
401,393,374,348,319,290,266,249,241,242,250,261,270,274,272,265,253,238,221,204
388,378,356,324,283,236,186,137,93,58,34,22,24,37,59,84,106,119,120,111
405,404,396,384,369,354,341,331,327,327,332,341,352,364,376,386,394,399,402,402
408,399,383,360,333,305,280,260,247,243,247,257,272,290,307,321,330,335,336,333
398,385,367,347,327,308,293,282,280,286,301,323,349,377,405,430,449,459,461,455
413,420,420,411,396,379,364,354,352,356,364,375,387,397,403,404,400,394,386,378
398,387,369,347,326,309,296,290,292,300,314,331,349,365,375,377,373,366,359,357
415,415,409,401,390,375,359,343,329,318,314,316,324,335,348,361,373,381,385,383
415,423,424,418,407,392,374,354,334,316,301,290,282,277,275,276,281,286,292,297
406,398,387,375,364,354,346,340,335,332,330,329,328,327,327,327,327,327,327,327
423,428,428,423,414,403,391,380,371,365,361,360,361,363,367,372,376,380,384,388
408,402,391,378,367,360,356,354,354,355,357,359,362,366,370,374,378,382,385,388
412,412,406,400,396,394,393,393,394,397,400,404,408,412,415,417,419,419,417,415
381,377,365,347,324,298,270,240,209,179,149,121,96,75,59,49,44,46,55,69
413,414,407,394,379,364,352,344,340,340,345,353,362,372,383,394,405,414,421,425
405,401,399,399,400,403,407,411,415,419,422,425,427,428,428,426,423,419,415,411
404,401,396,392,389,387,386,385,385,386,387,389,391,394,397,400,403,406,409,413
398,392,377,356,331,305,279,255,232,210,191,175,161,150,141,134,129,126,125,126
404,398,389,378,366,354,342,331,321,312,304,298,293,289,286,285,285,286,288,291
412,418,420,418,414,408,401,393,384,375,366,358,351,345,340,337,336,337,340,345
408,402,392,380,366,350,333,316,298,280,263,248,235,225,219,216,215,216,219,224
423,430,428,417,400,380,358,338,322,310,304,306,315,329,346,364,380,391,395,394
402,390,373,355,342,335,335,340,348,355,360,363,365,366,366,366,365,364,363,362
412,416,416,412,405,397,389,384,381,380,380,379,378,378,377,377,377,377,377,377
398,407,399,383,362,340,322,311,307,311,320,330,338,343,345,346,346,345,343,342
401,392,378,359,337,315,296,281,271,266,266,270,279,292,307,323,339,352,361,367
390,385,403,432,468,500,525,541,548,546,539,529,519,512,510,512,517,522,525,524
383,385,381,373,362,349,334,318,302,286,270,255,240,226,213,201,191,183,178,175
405,402,395,386,376,366,355,345,336,328,321,316,313,311,310,310,310,311,313,314
389,382,365,340,305,263,218,174,136,110,107,120,149,189,235,282,322,350,362,356
403,399,393,385,377,369,361,354,347,341,336,332,329,327,325,324,323,323,323,324
407,401,396,395,398,404,411,416,419,421,422,422,421,420,419,419,419,419,420,421
396,386,373,358,343,328,313,298,285,273,263,254,247,242,238,236,235,235,236,238
403,396,388,381,375,369,364,360,357,355,353,352,351,350,349,348,348,348,348,348
417,422,420,411,396,378,360,345,333,325,322,324,328,334,342,350,357,363,368,371
406,398,388,378,369,361,353,345,338,331,325,320,316,313,311,310,310,311,312,314
405,396,383,371,364,361,361,363,367,372,377,381,385,389,392,394,396,397,397,397
401,389,373,355,335,313,292,270,248,227,207,189,173,160,151,146,145,148,155,164
416,425,431,433,432,428,422,415,407,398,389,380,372,364,358,353,350,348,348,349
398,392,382,369,355,341,326,311,297,284,273,264,257,252,249,248,249,252,257,264
406,397,382,363,343,321,299,279,262,250,241,238,239,244,251,259,267,275,282,288
396,382,367,354,345,338,336,337,340,344,349,355,361,367,373,378,383,387,391,394
418,452,494,542,593,643,689,727,757,777,785,783,774,759,741,722,704,687,672,659
414,415,411,402,391,375,358,342,330,324,326,335,347,359,368,372,372,369,363,356
401,391,378,365,354,345,338,333,330,329,331,334,339,345,352,360,369,378,387,396
403,391,375,358,341,326,312,300,290,283,278,275,273,273,275,278,281,286,291,298
399,388,368,341,308,272,236,203,176,158,151,153,163,178,196,214,229,237,236,227
400,386,369,353,339,329,322,319,319,323,329,336,343,350,358,365,372,378,384,388
394,382,366,346,322,296,267,236,205,173,141,110,80,53,29,9,-5,-13,-15,-11
397,397,390,375,355,331,305,278,251,226,204,187,174,165,160,158,158,159,160,160
395,382,377,381,394,415,439,461,477,486,486,477,459,434,404,373,346,328,322,328
415,409,401,393,385,375,366,355,344,332,319,306,293,279,265,251,237,224,210,197
408,403,394,383,370,356,342,328,314,301,289,278,268,259,252,245,240,235,231,229
393,382,370,358,345,332,319,306,293,281,269,256,244,231,218,206,193,180,168,155
402,392,377,359,343,331,326,330,343,362,385,410,436,462,485,505,520,529,531,526
402,391,376,359,343,331,326,330,343,365,392,420,444,458,459,445,415,374,328,284
392,388,383,379,375,372,368,364,361,358,356,353,350,348,345,343,341,338,336,334
402,407,407,401,391,376,359,343,331,326,330,343,365,392,420,444,458,459,445,415
403,397,388,376,362,345,325,303,279,254,229,203,176,150,124,99,76,55,37,22
409,405,396,383,368,351,334,316,298,280,263,248,234,223,214,208,205,205,208,214
405,402,398,395,392,389,386,383,380,377,374,371,368,365,362,359,356,353,350,347
407,397,384,368,348,326,302,276,248,219,188,156,124,91,59,28,-3,-32,-61,-88
408,400,389,375,359,343,326,309,294,282,274,271,273,281,294,310,327,342,355,366
384,379,371,359,342,323,300,274,245,214,182,148,113,77,40,3,-34,-69,-103,-136
402,406,410,414,418,422,426,430,434,438,442,446,450,454,458,462,466,470,474,478
426,436,435,422,404,391,390,400,418,438,455,465,464,452,434,416,405,405,414,429
403,395,384,371,361,357,359,366,376,387,398,406,409,407,401,392,382,373,367,364
410,407,396,378,353,322,286,247,204,158,110,61,13,-36,-82,-125,-163,-195,-221,-239
412,414,407,388,363,330,297,270,249,238,237,247,265,288,313,335,351,361,364,361
403,393,377,357,339,323,310,300,294,291,291,294,300,309,321,334,349,363,377,389
408,411,411,407,398,385,372,361,353,349,346,346,347,349,351,353,356,359,363,366
396,380,366,355,348,344,344,348,355,364,375,387,399,410,421,430,436,441,443,442
397,386,368,344,317,288,259,231,205,181,159,139,121,105,91,79,69,61,55,51
407,401,394,388,383,377,372,367,363,358,354,350,346,342,338,335,332,329,326,323
404,401,398,396,395,395,394,394,395,396,398,400,403,405,408,412,415,420,424,428
401,386,369,353,340,330,324,321,321,324,330,339,349,361,374,387,400,412,423,432
401,391,376,359,343,331,326,330,343,359,376,391,402,407,407,401,388,370,348,324
402,394,379,361,346,337,336,342,352,364,377,388,396,401,403,402,399,394,389,384
404,399,392,385,377,368,358,347,336,324,310,296,281,266,250,235,220,206,193,182
414,413,404,392,378,364,352,342,335,331,329,327,326,325,324,324,324,324,324,324
422,431,431,421,404,384,363,344,329,320,315,315,321,330,341,352,361,368,373,376
396,382,365,345,323,300,277,256,238,223,213,208,208,211,218,227,237,248,258,267
413,409,394,372,346,321,299,282,271,268,273,285,302,321,339,353,360,360,355,347
393,391,386,377,366,354,340,326,312,299,288,279,272,267,265,264,265,268,272,277
406,398,388,376,363,350,337,325,314,304,296,290,285,282,282,283,286,290,294,298
398,398,400,404,409,413,414,412,407,401,394,387,381,377,375,376,381,387,393,397
398,397,391,382,373,368,364,360,357,355,353,352,352,352,352,352,352,352,352,352
397,389,380,370,360,350,341,332,323,313,304,295,285,276,267,258,248,239,230,220
398,387,374,362,353,347,344,345,350,359,371,385,401,417,431,442,447,446,439,427
410,413,410,403,394,384,375,368,363,360,359,360,363,366,369,372,375,378,381,384
413,420,425,428,429,428,425,420,413,405,397,388,380,372,365,360,357,356,357,360
387,395,408,423,436,446,454,460,464,466,466,464,461,456,449,440,429,417,403,388
411,408,398,382,362,341,320,301,286,274,266,261,260,263,268,275,284,293,301,307
411,412,406,395,383,376,375,381,394,411,430,448,460,464,460,449,435,421,408,398
383,371,356,338,317,293,267,239,209,178,147,116,86,58,32,10,0,3,3,6
418,423,433,447,465,485,506,527,548,567,581,591,598,601,600,595,587,576,564,552
403,392,375,353,327,298,268,235,204,174,146,122,102,86,75,68,65,65,67,71
398,400,407,418,431,445,460,475,490,504,516,527,536,543,548,551,552,551,548,541
404,397,389,381,374,367,360,353,346,340,334,328,323,318,314,310,307,303,300,298
401,393,379,362,345,329,316,305,297,292,291,294,301,311,323,336,348,359,369,375
402,396,386,374,360,345,329,313,297,282,268,256,246,238,233,230,229,230,233,238
396,387,373,356,345,339,338,341,347,355,363,371,377,381,383,383,382,379,375,371
408,405,398,387,372,354,334,313,291,270,250,231,215,201,189,180,175,174,177,183
413,409,400,386,369,350,330,311,293,277,263,251,243,237,233,232,234,238,245,253
400,393,380,365,349,331,313,295,279,265,253,243,236,232,231,233,238,244,252,261
400,392,377,355,326,291,250,204,153,99,42,-17,-71,-120,-161,-193,-215,-225,-221,-203
408,404,396,387,379,372,366,360,355,351,348,345,344,343,344,346,350,355,361,367
404,400,394,387,380,372,364,356,348,340,332,324,316,309,301,294,287,281,275,269
402,391,376,359,343,331,326,330,343,326,324,334,352,373,389,400,407,410,410,406
398,391,375,352,324,294,263,234,209,189,175,169,170,177,189,205,223,240,251,253
404,408,410,411,412,412,412,412,412,412,412,412,412,412,412,412,412,412,412,412
404,397,388,378,366,354,342,329,316,303,291,280,270,262,256,250,247,243,240,239
397,397,397,397,397,397,397,397,397,397,397,397,397,397,397,397,397,397,397,397
393,381,364,344,322,299,277,256,237,219,203,189,176,165,155,146,139,133,128,125
413,416,415,411,406,401,397,394,392,390,389,388,387,386,385,384,383,382,381,380
415,423,433,443,454,465,477,489,501,513,526,539,552,565,579,593,607,621,635,649
405,397,385,371,358,347,339,333,330,330,332,336,341,347,354,360,366,372,377,381
410,408,401,389,374,358,342,327,314,305,299,296,293,292,291,291,291,291,291,291
409,401,383,360,341,332,332,342,358,376,392,402,405,402,394,383,371,359,349,342
389,368,342,319,302,296,301,316,337,356,366,367,366,365,359,352,342,331,322,317
398,392,378,358,337,318,301,285,270,258,249,241,235,231,229,228,229,231,234,238
401,407,402,391,376,359,343,331,326,330,343,365,392,420,444,458,459,445,415,374
398,414,424,427,424,415,401,383,363,341,319,298,280,266,257,253,254,260,270,282
396,389,378,367,360,357,359,364,371,376,379,379,376,370,363,357,352,350,350,352
407,397,382,363,341,317,292,265,239,214,191,171,154,142,134,131,132,137,144,153
407,398,384,367,349,331,313,297,286,280,279,281,287,296,306,316,325,332,336,338
404,401,396,390,383,375,366,355,344,331,317,302,286,269,252,234,215,195,174,152
396,385,369,349,328,307,288,271,256,244,235,228,225,225,228,234,242,252,264,278
396,384,371,358,346,334,322,310,298,286,274,262,250,238,226,214,202,190,178,166
415,419,415,404,389,372,354,337,322,309,299,292,289,290,295,303,313,325,338,351
404,399,390,377,361,345,330,316,305,298,295,296,300,305,311,318,322,326,328,328
415,402,380,351,319,288,262,245,239,245,261,286,314,338,354,361,358,347,332,317
407,399,387,373,358,343,328,312,298,285,274,264,257,250,245,240,236,233,231,229
426,442,452,457,457,454,449,442,433,425,418,413,411,411,413,417,422,426,429,431
409,400,382,358,330,301,275,253,238,233,237,249,266,285,304,321,333,337,332,321
411,417,421,423,423,421,418,414,410,407,405,403,402,401,401,401,401,402,403,404
415,412,394,363,324,285,247,218,206,214,237,271,308,343,372,393,402,399,385,365
409,406,394,376,353,330,309,292,283,280,285,296,308,316,321,322,318,312,303,294
397,394,386,375,362,348,335,324,316,312,314,319,326,334,342,350,355,359,361,362
421,431,436,436,431,423,412,400,388,376,367,359,352,348,347,347,348,350,351,352
412,418,424,430,437,445,453,462,472,483,494,505,516,527,539,550,562,573,585,596
409,404,394,382,369,357,347,337,329,323,320,320,322,326,331,338,346,355,365,375
413,418,415,404,384,357,327,297,272,252,241,242,254,274,295,310,318,317,308,295
402,392,379,366,356,350,348,350,354,358,363,368,373,379,385,392,399,406,413,419
403,396,387,378,370,362,355,349,343,337,331,325,319,314,309,304,300,296,292,289
407,392,379,369,362,358,357,359,363,369,376,383,390,396,402,406,408,408,407,404
399,393,386,380,375,370,366,362,358,355,352,350,347,345,343,341,339,338,336,335
394,383,369,354,338,322,305,288,271,254,238,222,207,193,181,170,162,155,150,148
399,407,413,415,412,405,394,381,367,354,343,335,331,330,332,336,341,346,350,352
411,415,417,418,419,419,419,419,418,417,415,413,411,409,407,405,403,402,401,400
394,389,377,359,335,307,275,242,207,172,138,105,74,45,20,0,14,36,66,104
407,395,381,367,355,345,336,327,319,313,308,304,301,298,296,295,294,294,296,298
398,382,366,352,340,329,320,311,304,298,293,288,284,281,279,277,276,275,274,274
404,399,393,387,381,375,369,364,359,354,349,344,339,335,331,327,323,319,316,312
396,386,374,363,354,347,341,338,337,336,336,337,338,339,340,341,341,342,342,343
394,384,369,352,336,322,309,298,289,281,275,270,267,265,264,264,265,266,268,269
411,413,411,405,397,389,381,374,368,362,358,356,356,358,362,369,377,387,398,409
398,394,383,367,349,327,303,277,249,221,193,166,141,118,99,84,73,65,60,58
402,395,386,379,374,371,370,371,374,379,386,395,402,409,416,421,424,425,424,421
401,392,377,356,332,308,285,266,252,246,247,254,266,280,295,308,318,324,326,324
405,405,406,410,418,428,438,446,452,455,455,451,443,434,424,416,410,407,408,413
397,383,362,336,305,271,235,198,161,125,92,61,34,13,0,5,16,31,49,68
408,401,388,369,345,318,290,261,232,204,177,153,133,117,106,100,99,102,109,118
410,418,421,419,414,407,400,394,389,385,382,381,380,381,383,386,389,392,394,396
401,394,380,361,338,312,283,254,226,200,177,157,140,127,116,109,105,104,105,107
408,404,395,381,364,344,322,299,278,258,241,228,219,214,213,216,222,231,242,255
400,392,374,346,311,275,244,225,218,225,244,271,301,329,350,360,356,338,309,275
393,388,381,372,363,352,342,332,323,314,306,298,290,283,275,269,262,256,250,245
407,394,375,353,332,316,304,299,299,304,313,326,340,355,369,382,392,398,399,397
403,394,382,369,355,341,328,315,304,295,287,280,273,268,263,258,253,248,244,240
396,391,386,382,380,379,379,380,381,383,384,386,388,390,392,393,395,396,397,398
416,421,421,415,405,393,379,364,349,335,322,311,302,296,293,293,296,301,308,316
413,418,414,401,383,365,351,347,358,382,414,447,475,491,491,476,448,414,384,367
417,425,428,428,425,419,410,400,389,378,367,357,348,339,332,326,322,320,320,322
421,430,432,427,416,401,384,367,352,339,328,322,322,326,333,340,344,344,340,333
384,387,381,368,352,338,327,322,324,332,345,361,378,393,405,411,410,404,397,393
400,386,365,339,312,290,279,280,292,312,337,364,392,418,438,449,451,446,436,425
413,418,420,420,418,415,410,404,398,391,385,379,374,370,366,364,361,359,356,354
397,386,366,339,307,271,232,192,154,120,90,65,45,31,23,21,25,35,50,69
408,397,381,363,346,332,323,320,322,328,336,344,353,361,369,375,379,380,379,376
418,401,380,359,341,328,322,324,333,347,364,382,399,414,425,431,431,426,419,408
408,401,386,366,347,335,332,335,346,363,381,395,403,402,397,387,374,361,353,350
403,393,377,355,329,300,269,238,207,177,149,125,105,89,78,72,71,74,81,91
403,393,380,367,356,346,338,332,328,326,326,328,331,335,341,347,354,361,368,376
398,395,386,371,350,323,290,251,206,155,98,35,-32,-99,-166,-233,-300,-367,-434,-501
414,403,387,367,343,315,285,253,220,186,151,116,80,45,11,-22,-54,-84,-111,-134
400,392,377,358,338,317,296,274,253,233,215,198,183,169,157,147,138,132,127,124
394,386,375,361,345,326,304,279,253,227,202,178,156,135,117,101,88,79,72,69
397,392,388,386,385,384,384,384,384,384,384,384,384,384,384,384,384,384,384,384
408,399,382,359,334,311,293,280,274,276,286,302,321,339,352,358,354,340,319,294
376,367,351,332,313,294,277,263,254,251,254,263,275,288,302,315,325,332,334,330
398,390,369,337,296,249,201,156,118,90,77,80,98,127,162,199,234,261,275,275
400,394,383,369,355,345,341,342,348,358,370,383,397,411,424,433,437,434,426,416
429,448,461,465,463,455,443,429,414,401,391,384,380,380,384,391,399,408,418,428
401,389,376,365,357,355,360,370,382,394,404,410,411,409,404,396,387,378,370,364
403,396,386,376,367,359,352,347,343,340,338,336,334,333,332,331,331,330,330,330
398,408,410,407,400,391,381,372,365,360,359,360,363,367,372,378,383,388,392,396
408,401,388,370,348,323,297,271,245,221,198,179,163,153,148,147,150,155,163,174
422,429,430,423,410,394,379,366,359,358,363,372,381,388,390,387,381,375,371,370
399,386,367,345,323,304,290,284,285,292,302,311,316,317,314,308,301,294,289,286
415,420,408,381,347,313,287,273,278,298,323,343,354,349,330,305,282,267,267,282
403,394,383,372,363,356,352,352,355,359,363,367,370,372,374,375,375,374,373,372
397,387,367,337,298,250,194,131,64,4,0,4,16,36,64,100,144,196,256,324
410,417,420,420,416,408,397,384,370,356,342,329,318,310,305,303,304,307,312,318
411,411,403,388,370,354,342,336,337,342,351,362,374,385,393,398,399,399,396,392
414,418,418,414,408,399,388,376,364,353,344,336,330,327,327,329,333,337,341,344
399,388,376,364,352,340,328,316,304,292,280,268,256,244,232,220,208,196,184,172
383,375,360,340,319,298,282,274,273,277,284,293,301,306,308,307,303,298,294,292
411,415,417,416,413,408,402,396,390,384,379,375,372,371,372,375,380,386,392,398
396,387,381,377,375,376,380,385,392,399,407,415,422,428,432,434,433,428,419,407
400,390,375,355,331,303,272,238,202,165,126,87,48,11,-24,-55,-82,-104,-121,-132
396,389,384,381,380,381,384,389,396,405,416,429,444,461,480,501,524,549,576,605
410,408,399,385,367,347,326,306,288,274,262,255,251,251,254,259,267,276,285,292
426,431,422,400,371,342,319,306,306,316,333,350,365,376,382,384,383,379,374,368
390,376,360,347,339,335,334,336,341,347,354,362,370,378,385,390,394,397,398,398
394,384,370,351,326,296,261,222,181,139,97,56,18,-18,-49,-74,-91,-100,-100,-91
397,392,381,365,345,321,294,265,235,206,178,152,130,112,98,89,85,86,92,102
392,376,359,343,331,326,330,343,357,373,388,400,405,405,401,395,387,380,376,376
408,403,395,386,378,372,368,364,361,358,356,355,354,353,352,351,351,351,351,351
415,423,425,421,412,399,382,361,338,313,288,263,240,220,202,187,177,170,169,172
410,409,402,393,383,375,370,366,368,376,388,399,406,408,407,403,397,390,383,376
398,406,408,405,397,383,366,348,333,327,327,332,342,356,371,385,396,404,408,407
415,416,418,420,423,426,430,434,439,445,451,457,463,470,477,484,491,498,505,513
392,377,361,346,335,328,325,326,331,339,348,358,368,376,381,383,381,375,366,355
405,399,389,381,376,373,372,372,373,375,378,381,384,388,391,395,398,401,404,407
412,420,423,421,413,401,386,372,358,346,336,329,325,324,327,334,342,351,360,368
397,399,391,373,348,317,283,249,217,189,168,153,145,144,149,158,169,180,190,197
390,378,369,367,372,382,395,411,429,448,466,481,492,500,505,507,506,502,495,486
406,399,391,382,373,364,355,347,339,332,326,321,317,314,312,311,311,313,316,320
402,394,376,351,319,281,239,195,152,112,77,48,27,15,12,16,27,43,62,81
404,401,401,405,412,420,428,436,442,446,448,449,448,446,443,440,437,435,436,437
412,413,407,394,378,363,352,345,343,347,355,365,375,384,391,396,398,397,394,390
409,406,395,379,361,343,325,309,295,283,274,268,264,262,261,263,265,269,273,277
426,431,418,395,367,339,315,300,296,305,326,354,381,401,411,410,404,399,399,404
427,448,463,471,471,464,452,435,416,396,378,363,353,350,354,364,378,394,411,425
416,425,427,422,414,404,394,387,382,381,383,388,391,393,394,394,393,392,392,393
396,384,372,363,357,353,351,350,351,353,356,359,363,367,371,375,379,383,387,391
414,417,415,408,396,384,374,367,363,362,365,371,378,385,391,395,397,396,392,386
419,424,427,427,425,421,414,406,397,388,378,369,360,352,345,339,335,333,332,333
409,411,411,409,405,399,392,385,377,368,359,350,341,333,326,320,316,314,316,320
401,393,383,373,362,352,341,331,322,314,308,302,298,295,293,292,292,293,294,295
406,399,390,380,369,359,351,343,338,335,333,332,331,332,334,336,339,342,345,348
392,385,377,371,367,366,367,370,375,381,387,393,398,402,405,406,405,402,397,390
403,393,380,366,351,335,319,303,287,271,256,241,227,214,203,193,184,177,171,166
394,387,373,352,328,302,277,254,233,215,200,188,179,172,168,166,166,167,169,171
375,366,357,348,339,330,321,312,303,294,285,276,267,258,249,240,231,222,213,204
397,386,376,369,365,363,363,364,367,370,374,379,383,388,393,399,405,410,416,421
441,432,414,388,356,320,281,241,201,163,129,100,77,61,53,52,57,66,76,85
407,404,396,383,366,344,318,289,257,224,192,163,137,115,97,83,73,67,65,67
400,398,391,381,370,360,350,342,335,329,325,322,320,319,319,320,321,322,323,324
404,398,388,377,365,353,341,330,320,313,308,306,307,311,316,321,325,327,328,328
416,421,421,416,407,396,383,369,355,342,331,322,315,311,310,311,314,318,322,326
395,387,379,374,371,370,371,374,379,385,391,396,401,406,409,412,413,412,410,406
406,398,386,375,367,362,360,360,361,363,365,366,367,368,368,368,368,368,368,368
392,382,367,350,333,319,307,298,293,292,294,297,301,305,309,312,313,312,309,305
408,398,383,367,353,343,337,335,337,341,347,354,362,370,378,385,391,397,401,405
395,386,379,375,376,381,388,397,407,417,426,435,443,448,452,454,454,452,448,441
408,406,403,397,390,381,370,357,343,328,313,298,284,270,257,245,235,226,219,214
408,402,388,368,345,320,295,272,252,236,225,219,219,223,229,235,239,240,238,232
428,454,474,487,492,491,485,474,461,446,431,417,404,392,382,373,366,360,355,352
409,405,394,377,357,337,319,303,291,283,278,276,277,281,286,292,298,304,308,310
401,392,377,358,337,315,294,275,258,244,234,227,225,227,233,242,253,267,283,300
415,420,427,434,440,446,452,457,462,467,471,476,481,485,489,493,497,501,505,509
407,401,390,375,358,340,321,301,282,263,245,230,216,205,197,191,188,186,184,184
406,404,408,416,425,434,442,449,455,460,465,468,470,471,472,473,474,474,474,474
402,391,376,359,343,331,326,330,343,359,376,391,402,407,407,401,391,378,362,347
415,419,414,402,387,371,357,347,343,345,352,361,369,374,376,374,368,360,351,345
416,428,434,432,425,415,404,395,389,388,391,397,405,414,422,428,430,429,425,418
403,394,383,370,355,339,322,304,286,267,248,229,210,191,173,156,139,123,108,95
421,431,434,430,420,407,392,378,365,354,345,338,334,333,335,338,342,347,352,357
403,394,381,368,359,356,359,368,381,394,403,405,404,399,391,382,374,368,364,363
397,393,384,370,351,327,297,263,226,187,147,107,68,31,0,29,58,84,106,124
396,383,384,398,421,447,471,489,496,492,480,461,437,413,393,380,376,381,394,411
390,377,364,352,341,331,322,315,309,304,299,295,292,289,287,286,286,286,287,288
402,391,376,359,343,331,326,330,343,359,376,391,402,407,407,401,389,374,360,347
402,394,380,362,344,327,314,306,302,300,300,301,304,309,314,320,325,329,332,334
410,415,415,411,403,392,377,360,343,327,313,302,297,298,305,316,329,342,352,359
401,399,395,389,381,373,363,351,339,326,312,298,284,270,256,242,228,214,201,188
391,380,365,347,328,309,290,274,261,250,244,240,238,236,234,232,230,228,226,224
404,399,392,384,375,366,357,349,341,334,327,321,316,312,309,307,306,305,305,305
391,385,376,364,348,327,303,276,246,214,180,144,107,69,29,-12,-55,-96,-132,-162
412,420,427,434,441,448,454,461,468,475,482,488,495,502,509,516,523,530,537,544
400,395,375,355,338,328,327,335,348,359,363,359,348,332,317,306,303,309,322,337
343,342,345,351,360,371,383,395,404,409,407,400,389,376,363,355,357,371,392,415
396,383,377,375,376,380,386,394,402,409,415,420,423,425,426,426,424,420,415,408
417,430,440,446,447,443,435,424,410,394,378,363,349,338,329,324,323,325,329,334
396,384,367,346,324,301,279,259,241,225,213,202,194,188,185,182,181,182,184,188
408,399,383,363,342,321,303,289,280,277,278,281,285,289,293,297,301,305,309,313
398,380,356,334,319,313,319,336,360,386,408,426,434,430,416,394,370,348,332,326
396,385,371,356,344,335,330,330,335,343,352,363,374,384,392,398,402,402,400,394
415,418,416,411,404,395,385,375,364,354,345,337,330,325,322,322,324,328,334,340
401,391,376,359,343,331,326,330,343,365,392,420,444,458,459,445,415,374,328,284
408,396,381,362,340,317,293,270,249,229,212,198,186,176,168,162,157,154,153,154
405,401,397,395,394,394,396,399,403,407,412,417,421,425,428,431,434,436,437,438
396,384,373,365,359,355,353,352,352,353,355,359,364,369,374,380,386,392,397,402
396,385,374,363,352,341,330,319,308,297,286,275,264,253,242,231,220,209,198,187
397,391,381,367,349,328,304,279,253,226,200,175,151,130,112,97,86,79,75,74
408,402,389,370,346,320,295,273,255,244,241,245,255,270,288,306,321,330,331,326
393,386,379,372,365,358,351,344,337,330,323,316,309,302,295,288,281,274,267,260
407,397,376,345,312,278,252,238,236,246,265,289,314,336,351,358,355,344,329,315
422,432,437,435,428,417,404,390,375,361,349,341,337,337,341,348,357,365,371,374
400,394,380,363,345,328,315,307,305,308,315,323,331,337,340,339,334,327,318,311
408,398,380,357,332,306,282,261,243,231,226,226,232,245,262,283,307,332,358,383
419,419,411,396,377,356,336,319,306,296,289,284,281,278,275,273,271,268,266,263
398,401,392,373,345,310,270,230,197,178,176,193,225,263,301,336,365,386,398,401
401,389,373,355,336,318,300,283,268,254,243,234,227,222,220,220,222,225,230,237
414,411,404,394,382,369,356,343,332,323,318,316,317,321,327,334,342,350,357,362
397,384,366,342,312,276,235,189,137,79,15,-55,-125,-207,-300,-404,-516,-634,-753,-868
416,425,431,434,435,434,431,426,419,410,400,390,381,372,364,357,351,347,345,345
409,407,402,394,384,372,361,351,344,340,339,341,345,349,353,355,356,358,359,360
394,381,365,348,330,313,296,280,266,253,244,236,231,227,225,224,224,225,227,230
406,394,379,365,355,347,342,340,339,339,340,342,344,347,350,352,353,354,354,353
411,418,418,413,404,393,381,371,363,358,354,352,352,354,358,364,371,378,385,392
394,383,370,357,342,326,309,292,275,258,241,225,210,195,182,169,158,149,142,137
398,396,395,395,396,397,398,399,400,400,399,397,395,393,391,389,388,387,387,388
396,386,373,358,343,328,314,302,291,282,274,267,261,256,251,246,242,238,235,233
411,412,408,399,386,373,364,359,358,359,359,359,359,359,359,359,359,359,359,359
399,401,401,399,397,395,393,391,389,387,385,383,381,379,377,375,373,371,369,367
403,393,381,368,355,342,330,319,308,298,289,280,272,264,258,252,247,242,238,235
413,415,413,407,396,382,366,349,332,317,305,297,293,294,298,305,313,322,331,339
415,410,398,382,362,339,314,288,261,235,210,187,166,147,132,120,112,107,105,105
410,408,400,388,374,360,347,335,324,315,307,301,297,294,293,294,297,302,308,315
413,416,412,405,397,393,393,397,402,406,408,408,406,404,403,404,406,407,407,405
416,427,433,431,421,407,390,372,355,342,333,327,325,326,330,336,342,348,354,359
408,403,394,381,365,347,327,305,281,256,231,206,182,159,137,118,101,88,78,72
402,394,380,361,339,315,287,258,230,204,181,162,145,131,120,110,101,94,88,82
415,421,420,412,398,382,366,353,346,343,344,349,357,366,374,379,378,372,363,355
406,398,386,372,356,340,326,314,303,295,290,288,289,293,299,305,312,319,326,334
408,400,384,363,342,326,320,323,335,348,358,365,369,370,368,363,355,347,340,335
394,386,378,370,362,354,346,338,330,322,314,306,298,290,282,274,266,258,250,242
405,400,398,399,403,408,413,418,420,421,420,417,413,410,409,410,412,415,417,418
399,388,372,351,326,298,268,237,207,179,154,134,119,110,107,110,119,132,148,166
391,384,371,354,333,309,281,251,219,186,152,118,85,54,26,2,-16,-26,-26,-16
401,394,382,366,347,326,303,280,256,233,212,191,173,157,144,134,127,124,125,130
394,381,365,350,339,337,343,357,375,392,405,411,410,403,393,381,370,364,367,375
403,394,382,369,357,345,334,326,320,317,316,317,320,324,328,333,337,341,344,346
400,393,380,361,336,305,268,225,176,121,60,7,54,105,158,211,262,309,350,383
406,399,386,370,354,338,324,313,306,303,303,305,309,313,316,316,313,307,299,291
395,381,365,349,333,318,304,292,282,274,270,269,271,276,285,296,309,324,340,355
412,414,411,408,401,390,376,359,340,319,298,278,259,243,228,216,208,204,205,211
396,387,378,367,354,339,322,304,284,263,240,216,191,164,136,107,77,46,14,-20
418,409,398,387,376,365,354,343,332,321,310,299,288,277,266,255,244,233,222,211
396,384,370,356,342,328,314,300,286,272,258,244,230,216,202,188,174,160,146,132
399,394,387,378,369,359,349,339,329,319,308,297,286,276,265,256,248,242,238,236
412,421,424,423,418,409,397,384,372,363,358,358,361,366,372,380,387,392,396,398
389,400,403,403,399,391,380,368,357,348,341,336,333,334,337,342,347,354,362,370
407,401,393,384,374,363,352,342,331,321,311,301,292,284,276,268,260,252,245,238
415,416,405,381,346,305,264,230,208,202,206,217,231,244,254,260,260,256,249,240
400,395,387,380,376,375,377,382,388,395,402,408,413,416,416,415,412,407,400,392
412,417,421,422,420,417,410,402,394,387,383,381,382,385,389,394,399,403,406,408
404,397,389,382,375,367,360,352,345,337,330,322,315,307,300,293,285,278,270,263
401,395,384,371,359,352,350,354,362,370,376,378,376,370,360,349,339,333,331,334
408,411,413,413,412,410,408,406,404,402,400,399,397,396,394,393,392,391,390,389
410,417,419,416,409,398,385,373,366,364,366,369,375,382,389,394,398,400,401,401
399,381,356,326,293,258,224,193,165,141,123,110,103,102,107,117,131,148,166,183
397,391,387,386,388,393,399,406,413,419,422,422,421,419,417,416,416,416,417,418
409,404,393,379,362,343,323,302,282,266,253,245,242,243,248,257,268,280,291,299
406,399,387,371,352,331,308,283,258,233,209,186,165,146,129,116,105,98,93,90
404,400,395,390,385,380,376,372,368,364,360,356,352,349,345,342,338,335,332,329
404,401,399,396,395,394,393,393,393,393,393,393,393,393,393,393,393,393,393,393
404,402,401,401,401,402,403,405,406,408,409,410,410,409,408,407,405,404,403,402
408,403,395,385,377,369,361,353,346,340,335,330,326,322,319,316,313,311,309,308
410,415,416,413,407,398,388,377,366,355,346,338,332,327,325,325,328,333,339,347
421,431,436,436,432,426,419,413,409,405,404,405,409,414,418,422,425,426,426,425
412,411,407,400,391,379,365,348,331,313,294,275,258,242,228,217,210,207,208,213
401,393,381,366,349,330,310,290,271,253,238,225,214,206,201,199,201,205,210,217
403,394,384,376,368,361,354,347,341,335,330,325,320,316,311,307,303,299,295,292
404,399,393,388,384,381,378,375,372,370,367,365,363,361,360,358,357,355,354,352
386,394,399,402,403,402,399,394,387,378,367,354,339,322,303,282,259,234,207,178
410,411,403,389,372,354,338,325,314,306,302,302,305,311,318,326,334,342,349,355
404,411,420,430,441,451,460,469,476,482,486,489,491,493,494,495,495,495,494,493
415,421,421,413,401,386,370,354,339,326,315,308,303,300,300,303,307,310,312,313
350,407,446,467,472,466,451,431,409,389,374,367,369,380,398,419,438,451,457,456
415,414,403,383,357,331,307,285,266,253,245,243,246,252,261,269,277,282,286,288
396,388,376,360,340,317,290,259,223,183,139,91,39,-15,-69,-124,-180,-237,-293,-348
412,422,429,431,427,419,408,394,378,361,344,329,315,305,298,293,292,293,295,297
371,368,369,376,388,401,415,427,437,442,442,438,431,423,415,409,405,405,408,414
399,385,367,347,326,307,289,274,261,252,245,239,235,229,224,219,215,211,207,203
404,398,388,376,364,353,345,339,335,333,332,333,336,340,345,351,358,365,372,378
390,383,380,381,384,389,396,405,415,425,436,446,456,464,470,474,477,477,474,470
404,394,384,375,368,362,358,355,353,352,352,352,353,355,358,362,367,372,378,384
386,383,379,375,369,363,356,349,339,330,320,309,297,284,271,257,243,228,213,198
402,396,387,375,360,343,324,304,283,261,239,218,197,177,160,145,133,124,119,118
396,388,383,382,386,394,406,421,436,449,458,462,461,456,447,436,425,416,410,409
398,387,367,339,308,276,246,220,199,184,176,176,182,193,208,224,239,252,261,263
402,392,376,359,343,331,326,330,343,359,376,391,402,407,407,401,389,374,360,349
415,414,403,385,365,343,323,307,297,294,297,306,319,333,344,353,358,359,356,350
401,394,382,366,347,326,305,286,270,258,251,249,251,256,264,273,282,290,296,300
401,396,389,382,375,368,361,355,349,343,337,331,325,319,313,307,301,295,289,283
408,404,396,384,369,352,334,318,303,292,283,276,273,273,276,282,288,294,299,303
416,418,413,400,380,352,318,280,240,198,155,111,67,23,380,436,491,545,598,650
413,423,430,434,436,435,431,424,416,407,397,387,376,365,354,344,335,328,322,319
414,415,413,408,400,391,379,366,352,338,324,311,298,286,276,267,259,253,248,244
405,411,416,419,419,417,414,410,405,399,393,386,379,371,363,355,347,340,334,328
412,416,416,412,404,393,381,369,358,348,340,333,328,325,323,322,322,323,324,325
402,390,375,359,344,332,322,316,313,313,317,323,332,342,354,366,378,388,395,400
401,403,407,413,420,427,432,435,435,431,422,408,390,369,347,325,305,286,269,256
395,385,373,359,345,330,316,302,288,274,261,248,235,223,211,200,190,180,171,162
400,394,381,362,340,316,289,260,231,204,180,160,146,136,130,126,124,123,122,122
395,383,377,376,379,386,397,410,423,437,449,458,463,463,456,444,428,412,398,390
402,396,388,381,374,367,361,354,348,342,336,330,325,319,314,308,303,298,293,288
401,396,385,371,355,339,324,311,301,295,293,293,297,305,314,324,334,343,350,354
379,374,366,355,343,330,316,301,285,267,249,228,206,183,160,137,114,92,71,52
399,392,383,373,361,349,336,323,311,300,290,281,275,271,269,269,271,273,277,280
430,445,452,452,448,444,441,438,436,434,432,430,428,426,424,422,420,418,416,414
398,392,378,358,332,300,263,222,179,132,84,35,-14,-62,-110,-156,-198,-236,-269,-297
395,386,373,356,337,316,294,270,246,222,198,175,154,134,116,100,87,77,69,64
399,386,372,357,342,327,313,299,286,274,262,251,241,231,222,213,205,197,190,183
398,405,409,409,405,397,385,370,351,328,303,277,248,218,187,156,124,94,67,43
406,398,386,372,357,343,329,317,306,296,288,281,275,271,269,269,271,276,281,286
418,405,397,394,394,397,404,414,425,435,443,450,454,455,454,451,448,443,438,433
413,421,423,420,413,403,392,382,375,371,371,377,385,393,398,400,400,399,396,392
405,400,393,385,375,364,352,339,326,313,301,290,280,272,265,260,257,256,257,260
396,384,371,358,345,332,319,306,293,280,267,254,241,228,215,202,189,176,163,150
415,417,411,395,373,349,326,307,292,283,281,285,295,309,325,341,356,369,379,384
399,387,374,363,354,346,340,335,331,328,325,324,323,323,323,323,324,325,326,327
400,396,388,376,360,340,317,292,265,237,208,179,150,121,93,66,42,21,5,0
391,377,361,347,335,325,316,309,303,299,296,294,294,294,296,300,305,310,316,322
400,392,382,371,360,349,337,325,314,302,291,280,269,258,247,236,225,214,203,192
393,383,372,361,351,341,332,323,313,305,296,288,279,270,262,254,247,239,232,225
405,401,398,395,394,395,397,400,402,405,407,409,410,410,409,407,404,401,397,394
402,391,376,359,343,331,326,330,343,359,376,391,402,407,407,401,393,381,367,354
395,384,371,361,356,356,360,366,373,380,387,392,396,398,398,396,393,388,383,376
401,391,380,367,353,338,322,305,288,272,256,241,228,216,205,195,186,179,173,169
398,393,383,368,349,327,303,277,250,223,196,171,148,128,111,99,92,89,90,95
411,411,407,397,383,368,354,342,333,328,327,330,337,348,361,375,387,397,403,405
402,393,381,367,352,336,319,303,288,274,261,250,241,234,229,226,225,226,229,234
397,402,413,428,447,470,496,524,552,581,610,637,661,680,694,702,703,696,680,655
404,402,397,389,378,366,354,343,333,324,317,313,311,312,315,320,325,330,334,338
389,395,395,387,373,356,337,318,301,288,278,270,265,262,259,257,256,254,253,252
404,414,429,448,470,493,516,536,552,562,566,564,557,545,529,512,493,474,455,437
419,432,444,454,459,460,459,455,448,440,431,421,410,399,388,377,368,359,352,347
389,382,372,359,345,329,311,293,274,253,232,209,186,163,140,119,99,81,66,54
403,395,385,376,366,358,351,345,340,336,333,331,329,328,327,326,325,325,324,324
402,401,401,406,414,424,435,445,454,461,465,466,465,462,457,451,444,437,430,423
413,424,431,431,422,407,389,368,346,325,307,292,283,280,281,284,289,295,301,306
413,415,407,389,366,344,330,327,333,346,363,381,394,402,401,395,384,374,369,369
431,450,461,466,465,457,444,426,406,384,362,340,320,302,288,277,269,263,259,256
415,416,405,385,364,347,335,331,335,345,357,369,378,380,375,364,352,345,346,358
395,384,372,363,356,352,350,351,354,359,365,371,376,380,382,383,382,381,378,375
408,403,394,382,367,350,333,316,300,286,273,263,256,251,250,251,254,259,265,272
401,390,377,363,348,333,319,305,293,282,272,263,255,249,245,242,240,238,237,236
411,420,428,433,434,432,426,417,406,392,377,362,347,333,322,314,311,312,317,326
410,412,411,407,400,391,380,367,351,334,316,298,280,261,242,224,207,191,177,164
411,414,412,405,396,389,387,387,388,390,393,397,401,405,408,410,413,416,418,420
387,398,407,414,419,422,423,422,419,414,407,398,387,374,359,342,323,302,279,254
402,396,384,370,357,347,338,332,328,327,327,328,332,337,343,349,354,357,359,359
408,400,384,364,345,329,318,314,318,329,345,362,376,386,391,391,384,372,358,346
401,390,373,356,341,329,320,315,312,311,311,311,313,316,320,324,330,334,337,340
408,403,394,380,361,337,308,275,240,204,169,134,102,74,51,34,23,19,20,25
392,372,350,328,308,291,278,268,263,262,265,272,282,295,310,326,341,356,369,379
409,408,404,398,390,381,371,361,351,342,333,325,320,316,314,313,313,314,316,318
385,381,371,355,336,315,292,267,241,214,187,160,134,109,87,67,51,39,31,27
414,409,399,386,371,355,340,326,315,307,303,303,307,314,324,336,348,359,367,372
401,392,375,351,322,290,256,223,194,170,153,143,140,145,156,171,187,202,213,220
436,431,418,399,375,346,314,281,248,216,186,160,138,122,113,112,119,134,155,180
412,414,412,407,400,392,384,377,372,368,365,363,362,361,361,361,362,363,364,365
397,394,383,367,349,333,319,309,303,301,303,309,318,330,343,355,366,375,381,384
401,390,375,358,340,321,302,283,263,244,225,207,189,172,156,141,128,118,109,103
405,397,388,381,376,373,371,371,371,372,374,377,380,383,385,388,390,392,394,396
396,386,369,347,322,294,266,238,211,188,168,152,141,134,131,131,133,135,136,137
400,389,365,335,307,290,293,313,341,370,395,413,422,420,411,397,382,369,360,358
407,396,382,368,356,347,340,337,336,337,340,344,348,353,359,364,369,374,379,383
399,390,379,367,355,342,329,316,303,291,280,270,261,253,247,241,237,235,234,234
406,398,385,370,356,343,333,325,319,315,312,309,308,307,307,308,310,313,316,320
415,418,413,398,375,348,321,297,280,273,276,288,305,322,337,348,354,355,352,346
402,395,388,383,379,376,374,373,372,372,372,373,375,377,380,384,388,393,398,403
417,415,407,394,377,357,335,311,287,264,243,224,209,197,189,186,186,189,195,203
408,404,393,375,349,317,280,239,196,153,112,75,44,21,8,5,12,25,42,60
400,388,374,360,344,327,309,290,271,251,230,209,188,167,146,125,104,83,62,41
400,392,379,364,349,337,329,325,325,329,335,342,351,360,369,376,382,386,388,388
418,428,431,429,424,418,411,405,399,394,389,385,380,376,372,369,365,362,359,356
406,400,394,389,385,381,377,374,371,369,367,365,364,363,362,361,361,360,360,359
397,394,385,371,354,335,314,290,263,235,205,175,144,113,82,52,24,-3,-27,-48
395,397,399,401,403,405,407,409,411,413,415,417,419,421,423,425,427,429,431,433
409,404,392,375,356,336,321,313,315,324,337,351,364,373,376,372,362,350,338,329
407,401,393,383,373,365,359,356,355,356,359,363,368,374,381,387,392,397,401,404
396,384,371,361,355,354,355,360,368,378,388,397,404,409,411,409,404,397,388,379
404,400,398,398,401,406,413,420,427,432,436,437,437,434,429,424,418,413,408,404
391,393,387,375,360,346,336,329,325,325,327,331,336,342,348,354,359,363,365,365
405,400,398,398,399,401,404,407,409,410,409,407,404,402,401,402,404,406,407,408
403,396,385,372,359,350,345,345,348,354,360,366,372,376,378,378,377,375,371,367
415,405,393,381,369,357,345,333,321,309,297,285,273,261,249,237,225,213,201,189
404,400,394,388,382,377,372,367,362,358,355,352,350,348,347,347,347,348,350,353
412,408,399,387,376,368,364,361,360,359,360,361,363,366,369,372,376,380,383,387
412,413,412,409,404,396,387,377,367,358,350,343,337,331,326,322,319,318,318,320
395,383,377,377,382,392,404,418,431,439,439,434,425,416,411,410,413,420,425,425
402,389,373,356,342,333,328,327,329,334,341,350,360,371,383,394,404,412,417,419
398,389,380,372,363,354,345,336,327,318,309,300,291,282,273,264,255,246,237,228
428,442,445,435,414,386,355,325,299,278,264,257,256,260,268,278,289,301,311,319
407,396,380,363,351,345,346,351,359,367,373,375,373,369,363,357,352,349,347,346
412,416,413,404,392,380,373,370,369,369,369,369,369,369,369,369,369,369,369,369
403,392,378,363,348,334,321,310,301,294,289,287,287,289,293,298,305,312,319,326
430,450,462,464,455,438,415,388,359,329,299,272,249,231,218,213,215,222,234,249
398,388,376,363,349,334,319,304,288,273,258,244,230,217,204,192,180,169,160,151
396,383,373,370,372,377,385,395,407,420,432,442,448,448,442,431,416,398,378,357
396,389,386,387,392,401,412,425,439,453,466,478,488,495,499,500,498,493,485,474
393,382,368,354,342,332,325,321,319,318,318,319,320,322,325,328,331,334,336,338
405,397,384,368,350,330,310,292,276,263,254,251,256,267,283,303,325,347,367,381
414,418,416,410,400,386,369,351,331,311,292,275,261,250,243,238,235,233,232,232
414,418,414,406,398,392,389,387,384,381,378,375,373,370,367,365,363,360,358,356
390,381,370,358,344,330,315,300,285,270,255,240,225,210,195,180,165,150,135,120
384,377,366,351,332,309,282,251,216,177,134,87,36,-17,-64,-107,-144,-173,-196,-213
398,411,414,407,390,366,335,301,267,238,216,205,206,218,238,263,290,315,334,345
418,424,423,411,387,354,318,280,246,221,208,207,218,238,265,294,317,328,326,311
394,383,364,339,309,275,238,202,167,134,104,79,60,48,43,44,50,59,69,77
396,388,380,374,369,363,358,354,350,347,344,342,340,339,338,337,336,336,336,336
396,391,383,375,366,356,347,337,328,318,309,299,290,280,271,262,253,244,235,225
392,409,425,438,447,452,452,448,439,428,415,401,387,373,361,350,342,337,334,335
402,393,382,367,354,343,334,325,317,311,306,303,301,300,300,301,303,306,309,313
395,385,378,373,372,374,378,384,391,398,404,408,410,409,406,401,394,386,378,371
410,416,419,419,414,405,393,379,364,350,337,327,319,314,312,311,312,314,316,319
414,422,420,411,398,384,373,370,374,386,403,421,436,446,451,451,446,438,431,429
404,402,396,388,380,373,367,361,356,351,348,345,343,341,340,339,339,339,339,339
396,385,372,359,346,334,322,311,300,289,278,267,256,245,234,223,212,201,190,179
404,395,383,369,354,339,325,312,301,291,284,280,279,280,283,289,296,304,312,319
415,404,389,373,360,352,349,350,354,361,369,377,385,392,396,398,398,396,393,389
399,389,373,356,343,334,331,332,335,338,341,345,347,350,354,357,361,365,368,372
415,421,424,423,419,413,406,398,391,384,378,373,369,367,366,366,367,369,371,373
441,429,409,386,364,346,332,322,318,320,328,341,357,375,392,404,409,405,395,381
403,391,376,359,345,334,327,323,321,321,323,327,333,339,346,352,357,360,361,361
400,388,373,359,348,342,342,346,352,360,368,376,383,388,391,392,392,390,387,383
416,428,437,443,447,449,449,446,442,437,432,426,420,414,408,403,398,394,391,389
409,406,396,384,374,366,360,355,350,345,340,335,330,325,320,315,310,305,300,295
405,403,403,405,410,414,416,415,412,409,407,406,406,407,408,410,411,412,412,412
384,401,420,440,457,469,475,475,467,452,434,416,400,389,382,381,386,395,406,417
409,407,401,392,379,364,348,332,318,305,293,282,272,263,255,249,244,240,237,235
416,425,431,434,435,435,433,430,427,424,422,421,421,421,422,423,424,424,424,423
403,393,380,366,352,339,326,315,308,304,303,305,307,310,313,317,322,327,332,337
387,393,397,399,400,400,399,397,395,393,391,389,388,387,386,386,386,386,386,386
398,392,378,358,335,311,287,266,245,228,214,204,197,193,192,193,196,200,204,207
395,385,370,352,332,309,285,261,238,217,197,181,168,157,148,139,130,121,114,108
402,396,383,363,338,307,272,232,189,145,101,59,21,0,2,6,12,20,30,42
412,415,414,408,396,381,369,362,360,364,373,385,398,410,418,420,417,409,400,392
395,385,370,351,330,308,285,263,241,220,202,188,177,170,167,167,170,174,179,183
406,396,381,364,347,332,320,312,307,305,305,306,308,311,314,317,320,322,323,323
415,422,422,414,396,372,346,320,297,277,260,248,240,237,238,242,247,253,258,261
401,391,376,359,343,331,326,330,343,365,392,420,444,458,459,445,415,374,328,284
420,436,453,469,484,495,503,508,512,514,514,512,509,504,498,491,482,473,463,452
400,395,385,372,356,339,322,307,293,281,271,262,255,251,248,246,245,245,244,244
421,432,439,437,430,419,406,393,381,371,364,360,361,367,377,389,402,415,426,434
414,419,420,417,410,400,387,371,353,334,315,296,279,263,250,240,234,233,236,243
401,391,376,359,343,331,326,330,343,365,392,420,444,458,459,445,415,374,328,284
411,416,416,411,403,396,391,388,387,388,391,395,399,402,405,407,408,409,409,409
407,398,383,365,347,331,320,317,321,330,342,355,367,376,381,381,378,373,367,362
388,390,385,378,373,371,371,373,375,377,379,381,383,385,387,389,391,393,395,397
407,393,377,358,336,312,288,266,245,227,211,199,190,186,185,188,193,200,207,215
409,400,381,354,320,282,244,208,178,157,145,144,152,167,187,210,233,255,274,289
410,411,409,404,397,388,378,366,353,338,323,307,291,275,259,244,230,218,207,198
411,404,390,368,342,314,287,263,244,232,227,228,236,250,267,285,303,318,328,333
406,399,388,376,362,349,337,327,317,309,302,296,292,289,287,285,284,283,283,282
442,479,513,541,562,576,583,584,578,567,552,535,517,497,478,459,443,430,420,414
398,389,376,360,341,318,292,263,232,199,165,130,95,60,25,-10,-45,-80,-115,-150
417,405,380,346,311,275,250,236,238,249,263,272,276,271,259,244,232,227,230,239
398,392,377,354,325,293,259,225,192,161,132,107,86,69,56,47,42,41,44,51
402,392,376,359,343,331,326,330,343,359,376,391,402,407,407,401,388,373,357,344
410,416,415,407,394,378,361,346,336,332,335,343,355,368,380,388,392,388,379,370
397,395,390,382,373,361,348,334,319,303,287,272,257,244,233,224,217,212,208,205
416,414,407,395,382,368,353,338,324,310,297,286,276,268,262,257,255,254,255,258
395,389,378,366,355,346,337,329,322,316,310,305,300,296,292,289,287,285,284,283
405,398,389,381,373,367,362,358,356,355,355,356,357,359,361,363,365,368,371,374
396,386,375,365,356,348,341,334,329,325,322,320,319,318,318,318,319,320,322,324
397,388,372,350,324,296,270,249,233,222,217,217,222,231,243,256,268,276,280,280
399,393,394,401,412,424,434,438,433,421,407,396,391,392,398,406,414,420,424,426
422,429,428,421,410,398,388,380,376,375,377,381,387,393,399,402,403,402,399,396
380,378,371,359,342,320,294,265,235,205,176,149,124,103,86,73,64,59,58,61
395,402,408,413,414,412,407,400,391,380,367,352,337,320,303,287,271,256,242,229
398,390,363,320,265,204,143,88,45,20,13,24,53,96,148,205,263,317,364,402
399,387,374,360,345,329,313,296,279,263,247,232,218,206,194,183,173,164,156,149
409,409,405,399,392,384,376,368,361,355,349,345,342,341,342,344,347,350,354,358
396,400,405,408,406,399,388,375,361,348,336,326,318,312,308,305,304,305,307,310
388,396,396,383,361,335,309,288,275,273,282,299,319,334,343,344,337,324,308,294
400,393,376,350,318,282,246,212,182,157,139,128,125,130,143,164,191,220,246,265
411,413,413,410,405,397,387,376,364,352,339,326,313,301,289,278,268,260,254,250
398,403,404,402,397,389,378,365,351,336,322,308,296,285,275,267,262,258,257,258
397,392,383,370,353,332,309,284,256,227,196,164,131,97,62,27,-9,-46,-83,-119
406,398,386,372,359,349,342,340,345,355,367,379,390,398,401,397,387,374,363,357
397,387,371,352,331,309,288,269,251,237,227,220,218,221,228,239,253,269,286,303
396,387,370,348,323,295,268,244,224,210,203,201,203,207,212,216,218,216,212,208
405,400,395,391,388,386,385,385,386,388,390,393,396,399,402,404,407,409,411,413
401,392,377,358,336,312,287,267,248,232,220,211,205,203,203,206,212,219,228,237
409,405,395,381,365,349,335,324,317,313,312,314,318,324,331,337,342,346,348,348
401,393,383,372,361,350,339,328,317,306,295,284,273,262,251,240,229,218,207,196
404,399,394,392,392,394,398,403,407,410,412,412,410,407,403,400,398,397,397,398
407,398,384,367,348,329,310,292,276,263,253,248,246,248,253,263,277,293,312,332
410,416,416,411,402,389,375,361,349,338,330,325,323,324,327,332,338,345,354,361
408,404,396,386,373,359,344,328,312,296,282,270,260,253,251,253,259,268,279,291
396,381,365,350,338,329,323,320,320,322,325,329,333,337,343,348,353,359,364,369
393,384,370,353,337,323,311,301,293,286,281,277,274,273,273,273,275,276,278,281
410,413,411,404,393,380,366,353,342,334,330,331,337,347,358,369,378,382,382,379
419,428,433,434,432,427,419,409,397,384,370,355,340,326,314,303,294,287,282,279
407,397,383,370,360,352,346,342,340,339,339,340,342,344,347,350,352,355,357,359
404,400,396,391,387,383,378,374,369,365,360,356,351,347,342,338,333,329,324,320
416,419,421,424,427,430,433,436,439,442,445,448,451,454,457,460,463,466,469,472
421,432,439,441,437,427,411,391,367,340,312,282,252,222,193,166,143,124,109,99
404,398,391,384,377,370,363,356,349,342,335,328,321,314,307,300,293,286,279,272
400,391,375,354,331,312,302,301,310,328,350,376,402,424,437,437,427,407,382,358
408,400,386,368,350,333,319,309,303,302,305,311,320,330,341,352,361,368,372,373
395,386,383,388,401,421,444,464,479,486,485,476,461,441,420,400,384,376,378,392
430,447,460,466,466,462,453,440,425,410,398,388,382,380,381,386,393,401,408,413
388,394,398,401,401,400,397,392,385,377,368,358,347,335,323,311,298,286,275,264
397,389,374,355,334,313,293,275,257,241,227,214,203,194,188,184,182,182,184,188
389,392,384,367,342,312,280,247,215,186,160,139,124,115,112,115,124,138,154,171
395,387,383,381,381,382,385,387,390,393,397,400,403,406,409,412,415,418,421,424
414,407,395,377,355,328,298,265,230,195,160,126,94,65,40,21,8,1,0,1
396,391,381,367,350,331,310,287,262,237,210,183,156,129,103,78,56,37,22,11
389,381,366,343,314,283,256,237,227,230,245,270,299,324,341,350,351,347,340,332
404,406,411,416,420,423,426,429,431,432,433,434,435,435,435,434,433,431,429,426
404,398,388,380,378,379,382,387,393,399,404,409,412,413,413,411,407,401,394,385
409,403,392,377,360,343,327,313,303,297,297,301,309,318,329,341,352,361,368,373
398,410,414,408,394,375,354,335,321,314,312,315,321,328,336,344,352,358,361,362
394,385,373,358,342,328,316,307,302,300,301,305,312,321,331,342,352,361,369,375
403,394,381,368,358,351,348,350,354,359,363,366,367,367,366,364,362,360,359,358
403,396,386,377,369,360,351,342,334,325,316,308,299,291,282,273,265,256,248,239
402,391,376,359,343,331,326,330,343,359,376,391,402,407,407,401,391,375,357,346
403,393,382,372,366,364,367,372,376,383,391,398,405,409,411,410,407,402,396,391
408,398,379,354,324,290,254,218,181,147,116,88,66,49,38,34,37,47,62,81
386,383,368,343,310,271,230,191,158,137,134,153,195,255,327,402,471,526,561,571
401,391,378,364,351,339,328,318,310,304,300,297,296,296,298,302,307,313,320,328
409,408,403,396,388,378,367,354,340,326,311,297,283,270,258,248,240,234,231,229
414,405,394,383,372,361,350,339,329,319,309,299,290,282,274,266,258,250,243,236
399,389,379,371,366,366,369,376,385,395,405,414,420,423,422,416,406,392,374,355
399,389,371,349,329,312,300,294,291,291,293,297,301,306,312,317,322,326,329,331
407,397,384,370,356,343,331,321,314,308,302,297,291,286,281,276,271,267,263,259
412,420,420,413,401,386,369,352,337,324,314,308,305,305,307,310,313,316,318,319
397,388,373,355,335,314,293,273,253,235,218,202,188,176,167,160,155,152,150,149
397,383,366,346,324,301,277,253,229,206,183,162,142,125,112,101,92,85,80,77
402,391,376,359,343,331,326,330,343,359,376,391,401,407,407,402,391,376,359,343
401,392,386,384,387,393,402,413,425,436,445,452,456,457,455,448,438,426,412,397
426,437,437,429,413,392,369,346,325,307,291,279,269,262,258,257,259,263,268,274
407,408,412,418,426,436,448,461,474,487,499,509,517,523,525,523,516,505,491,473
412,420,419,407,388,362,332,298,263,231,202,178,160,149,146,151,163,179,195,209
393,379,362,348,337,331,329,330,334,340,346,354,361,368,374,379,382,384,385,385
401,393,383,371,357,342,326,310,294,279,265,251,239,228,218,209,202,196,192,190
414,418,418,417,414,411,408,405,402,398,395,392,388,385,382,379,376,372,369,366
394,384,371,357,344,331,319,310,304,301,300,301,304,309,316,324,333,342,350,357
386,384,377,365,354,345,338,334,333,334,336,339,343,347,350,352,354,354,352,349
415,422,423,418,408,396,383,371,363,360,362,370,383,398,411,419,419,413,404,394
397,395,394,392,389,385,380,374,367,359,351,342,332,322,312,302,292,282,272,262
403,393,381,367,351,334,315,296,275,254,232,210,187,164,141,118,96,74,53,33
399,392,384,375,364,352,339,325,310,294,277,259,240,220,199,177,154,131,106,81
404,404,399,390,383,381,383,387,393,400,407,414,421,428,436,444,452,460,468,476
401,396,389,381,372,362,352,342,332,321,311,302,293,285,277,270,264,259,256,254
401,396,392,389,388,389,392,397,402,406,409,410,411,410,408,405,402,400,397,396
404,396,387,378,368,358,349,341,334,327,321,315,310,306,303,300,298,297,297,298
414,416,413,407,399,391,384,379,375,372,370,369,369,370,371,373,376,379,383,386
398,389,367,336,301,268,242,227,223,231,247,267,284,293,293,281,261,239,221,210
402,394,383,371,361,355,353,354,358,363,368,372,375,376,376,375,373,370,366,362
399,388,380,374,372,370,370,372,375,379,383,386,389,392,395,397,399,401,402,403
419,429,432,428,419,407,395,384,376,371,369,370,375,382,390,398,405,409,410,409
398,404,406,404,400,393,383,373,364,358,354,352,352,354,358,364,372,381,391,401
380,406,406,399,384,365,346,329,317,312,312,315,321,328,336,344,352,358,361,361
404,397,387,376,365,354,344,336,329,324,320,317,315,314,314,315,317,320,324,329
417,423,425,423,417,407,395,381,366,350,334,319,305,292,282,274,269,268,269,272
415,415,405,389,365,337,307,276,247,222,204,193,189,192,201,214,229,244,257,266
393,380,373,375,384,399,417,436,453,467,475,480,479,474,468,461,454,448,443,439
402,392,375,354,333,314,297,285,280,280,282,286,288,288,285,279,268,253,235,213
402,393,382,371,361,352,344,337,332,328,325,323,322,322,322,323,325,328,331,335
405,406,409,414,421,429,436,442,447,451,454,455,455,453,450,446,439,432,424,417
406,401,392,380,366,351,335,321,307,296,288,283,282,285,290,297,304,311,317,322
402,387,374,363,354,347,342,339,338,339,341,345,350,356,362,369,376,383,390,397
401,391,375,361,354,354,361,375,394,417,442,466,486,501,511,516,515,511,503,492
403,400,393,382,369,355,339,323,306,291,277,265,255,248,244,243,245,249,254,259
413,419,417,410,400,388,376,365,358,356,358,363,370,378,385,391,395,398,400,401
409,406,399,389,377,363,348,331,313,295,277,259,242,226,211,197,185,175,167,161
395,383,375,373,375,381,391,405,420,436,451,463,472,475,471,462,450,436,421,408
389,408,421,429,431,429,423,415,405,394,384,375,367,361,357,356,358,364,372,381
390,378,366,356,349,343,340,338,336,335,335,336,337,338,339,340,341,343,344,346
405,404,405,408,412,417,422,426,430,433,436,438,440,442,443,443,442,440,438,435
404,398,393,391,390,390,392,395,399,405,411,416,420,423,426,427,427,426,424,422
403,393,380,366,352,337,323,310,299,290,284,280,279,282,287,295,305,317,330,344
405,404,409,420,434,449,463,475,485,492,498,502,504,504,502,498,492,485,477,468
414,430,448,466,482,495,502,502,496,484,468,448,425,401,379,360,346,337,333,333
394,386,375,363,351,339,328,318,309,302,297,293,290,289,289,291,294,299,305,312
412,416,422,430,439,448,457,465,472,478,482,485,486,486,483,479,472,464,454,441
398,384,362,336,309,285,267,256,252,254,262,274,288,302,316,328,339,347,352,355
416,413,401,381,356,328,301,280,266,263,270,286,308,332,354,371,381,384,382,378
397,386,368,342,309,270,226,178,127,75,24,-27,-76,-125,-174,-223,-272,-321,-370,-419
396,391,387,385,385,387,390,394,399,403,407,409,410,410,408,405,402,398,394,391
408,401,390,381,378,380,387,397,408,421,434,445,453,457,456,452,445,435,423,410
391,380,365,352,343,344,355,372,390,404,413,416,413,405,395,384,375,370,369,372
413,423,429,431,431,428,422,414,403,391,378,365,352,341,331,323,317,314,313,314
415,405,389,369,347,325,305,287,271,258,248,242,238,236,235,236,239,243,247,252
396,395,389,381,373,366,360,355,353,353,355,358,362,367,373,379,386,392,398,403
410,415,420,423,426,429,431,433,435,437,439,441,442,443,443,442,440,436,431,426
408,402,395,389,386,384,383,383,383,383,384,386,389,393,396,400,405,410,416,421
411,413,412,409,405,400,396,392,389,387,386,386,387,388,391,394,397,401,404,407
396,388,380,374,369,364,361,358,356,354,352,351,351,351,351,351,351,351,351,351
401,392,379,364,349,335,323,314,309,308,311,317,326,337,349,361,372,380,386,388
415,407,394,377,358,338,318,297,278,260,245,233,225,218,213,210,209,209,211,213
412,419,420,415,406,397,391,389,392,398,405,412,416,416,413,407,399,393,390,391
400,395,387,380,375,375,378,382,386,390,392,392,391,388,384,380,378,378,379,381
395,387,377,365,352,339,325,312,299,286,274,262,252,243,235,227,221,216,211,206
412,421,425,426,423,417,408,397,383,368,352,336,321,307,295,285,277,272,269,268
400,395,381,362,339,313,285,257,230,204,181,161,145,134,129,131,138,148,160,171
394,383,370,361,359,361,366,373,381,390,398,404,407,407,405,400,393,384,375,365
408,402,392,381,369,358,348,339,331,324,318,314,310,307,305,303,302,301,300,300
405,402,396,387,377,366,358,354,354,358,363,369,374,377,377,375,370,362,352,340
407,413,423,437,454,473,492,511,527,541,552,561,568,573,576,578,578,576,573,568
410,414,416,415,412,405,396,386,376,367,360,355,353,354,359,366,374,381,385,385
396,384,376,373,374,379,386,395,405,414,421,425,426,424,419,412,403,393,382,371
410,412,409,402,392,380,367,354,342,330,320,312,306,303,303,306,311,318,324,329
401,398,390,377,359,338,315,292,269,249,232,218,207,200,195,192,190,188,187,186
395,386,376,367,358,349,340,331,322,313,304,295,286,277,268,259,250,241,232,223
408,401,387,367,345,325,313,313,324,345,369,391,406,409,400,380,352,322,297,281
415,411,401,387,370,352,332,313,295,280,267,258,252,249,249,252,257,264,272,280
413,418,418,411,398,381,363,347,335,328,327,331,339,350,362,375,386,394,398,399
405,397,385,371,358,346,335,325,317,310,304,299,296,293,293,294,296,299,303,309
407,404,397,388,379,371,364,358,352,347,343,340,337,335,333,331,330,330,330,331
412,415,412,403,389,373,355,337,321,308,299,295,296,300,305,311,316,321,324,326
400,393,379,359,336,312,289,268,249,234,222,213,207,204,203,204,207,212,218,225
397,392,378,355,325,291,255,217,179,143,112,88,70,59,55,57,63,71,80,88
397,388,370,345,316,284,250,218,190,165,143,124,108,95,85,78,74,73,75,80
403,395,385,375,366,358,352,346,342,339,337,336,335,335,336,338,341,344,348,352
409,404,395,384,373,363,353,345,337,331,326,322,318,315,313,312,312,313,315,318
404,398,390,383,377,372,369,367,367,368,370,373,377,381,384,388,392,395,398,401
393,383,376,372,369,366,364,361,359,358,357,356,356,356,356,357,358,359,360,361
421,431,435,432,422,407,390,371,353,338,327,321,320,323,328,334,341,348,354,358
402,388,369,346,322,297,273,249,226,206,190,176,166,160,157,156,157,161,166,171
395,387,374,356,335,311,285,257,229,202,176,153,133,115,99,85,73,62,53,45
390,380,371,364,361,360,361,364,369,375,382,388,394,400,406,411,415,419,422,424
405,404,401,396,392,389,387,385,383,382,381,381,381,382,384,386,388,390,392,393
398,393,382,367,352,338,329,325,325,328,333,339,345,352,360,368,376,383,391,398
386,401,410,413,411,404,393,378,360,341,322,303,285,269,255,244,238,238,241,249
395,380,363,348,337,331,327,326,327,330,335,340,344,347,350,353,355,358,360,362
398,399,388,366,336,303,274,252,239,238,249,270,295,317,331,334,324,301,269,235
397,389,373,355,339,327,320,318,321,329,341,356,372,387,398,404,403,396,384,369
394,385,378,374,373,374,377,381,387,393,400,407,414,421,428,434,439,442,444,445
410,408,401,389,373,355,337,320,305,292,282,276,273,273,276,282,290,299,310,322
429,451,463,463,451,432,411,391,375,364,359,360,365,372,382,392,401,408,410,408
399,390,384,381,379,379,380,383,386,390,393,396,398,400,402,403,404,405,405,406
397,390,370,338,297,253,214,185,169,168,183,212,245,276,301,319,332,340,343,342
405,402,397,391,384,377,369,361,353,344,335,325,314,303,292,281,270,259,248,238
395,385,374,363,353,342,332,322,312,302,293,284,275,267,259,251,243,236,229,222
389,396,399,399,396,390,381,370,358,346,334,323,314,307,303,301,302,306,311,317
389,391,388,384,376,365,352,340,330,324,322,323,326,330,334,338,340,341,340,337
416,425,431,434,433,429,422,413,402,388,373,357,341,325,310,298,289,283,281,283
397,398,397,393,386,376,363,348,331,313,294,274,254,236,218,202,189,179,171,165
404,398,393,390,387,386,386,388,391,393,397,400,403,406,409,412,415,418,421,424
404,397,387,375,361,345,328,310,292,275,258,243,229,217,206,197,191,187,185,186
405,406,410,417,425,434,445,455,465,474,481,486,489,490,489,486,481,474,465,455
417,411,396,375,351,328,310,298,292,293,298,304,309,312,313,313,312,311,311,311
405,400,396,394,394,395,396,397,398,399,399,399,399,399,399,399,399,399,399,399
402,393,381,366,350,333,316,300,286,274,264,256,250,245,242,241,242,245,250,257
416,424,432,438,442,445,445,444,441,437,432,427,422,418,415,413,412,412,413,415
406,399,387,370,351,330,309,290,275,264,258,258,262,270,280,292,304,316,326,333
404,403,400,395,388,379,369,359,348,337,327,317,308,300,292,285,279,274,270,266
396,384,374,367,363,363,365,369,374,378,381,383,384,383,381,378,374,369,364,360
399,387,375,366,359,354,350,346,343,341,339,338,337,336,335,334,334,333,332,332
408,403,396,389,382,376,371,367,363,359,357,355,354,352,351,351,351,351,352,353
393,383,378,373,369,368,372,377,384,392,399,404,404,396,379,359,338,319,304,294
409,405,396,383,367,348,327,306,285,266,248,232,219,209,202,198,197,198,200,204
402,393,380,366,353,342,332,323,315,307,300,293,287,281,275,270,265,261,257,253
421,433,449,466,481,494,506,517,527,536,544,551,557,561,564,566,567,566,565,562
399,392,386,381,377,374,372,370,368,366,364,362,360,358,356,354,352,350,348,346
400,392,381,367,351,334,317,301,287,275,266,261,260,262,267,273,379,287,298,311
419,425,427,425,420,413,404,395,386,378,370,363,357,353,351,350,352,355,359,365
416,414,405,390,370,346,319,292,265,241,220,203,191,184,181,183,190,200,211,223
409,405,395,382,368,356,346,339,334,333,334,337,342,347,353,359,364,369,373,376
394,384,371,358,347,337,330,326,328,335,348,364,380,396,407,411,409,402,393,383
421,428,426,418,407,396,388,382,380,379,380,382,382,383,384,386,388,389,390,391
401,391,376,359,343,331,326,330,343,365,392,420,444,458,459,445,415,374,328,284
399,388,372,356,344,336,333,335,339,345,350,352,352,349,345,339,333,328,324,323
402,389,373,359,348,342,342,347,355,364,373,380,385,389,391,392,392,391,388,385
421,427,429,427,421,412,401,389,378,368,360,354,350,348,348,350,354,359,364,369
406,398,386,372,360,352,348,349,353,361,371,382,392,400,406,408,407,403,397,390
408,397,380,363,351,347,350,358,370,384,398,409,416,419,417,413,407,399,391,384
401,390,375,357,337,315,291,266,240,214,187,160,134,109,87,66,48,34,23,16
407,396,379,359,338,320,305,295,291,293,302,317,336,358,380,400,416,428,436,438
393,376,356,335,316,299,285,275,270,270,274,282,293,306,320,333,346,358,366,372
409,400,381,352,318,278,234,189,146,109,82,66,61,67,85,113,148,187,225,258
406,399,390,381,370,358,346,334,322,310,299,289,280,273,267,262,259,256,255,256
405,398,389,379,369,359,349,339,329,319,309,299,290,282,275,269,264,260,257,255
395,385,373,359,344,328,312,296,280,264,249,235,223,212,202,194,187,181,176,172
406,399,388,375,362,352,345,341,340,341,343,345,346,346,345,345,345,345,345,345
398,389,373,351,325,299,280,273,283,306,335,365,391,406,405,390,365,340,323,315
398,409,413,415,415,412,408,403,399,395,391,388,384,381,378,376,374,373,372,372
414,422,421,412,398,382,368,359,358,363,371,379,385,386,381,373,366,361,360,363
402,387,370,353,338,325,315,309,308,312,321,334,348,363,379,394,407,417,424,428
407,401,393,384,375,366,357,348,339,330,321,312,303,294,285,276,267,258,249,240
413,414,406,387,362,339,325,325,338,363,397,435,468,488,492,478,450,415,381,358
410,413,413,410,405,398,389,380,371,362,354,347,342,339,338,339,342,346,351,355
408,405,396,382,362,336,305,269,228,184,138,91,43,0,44,92,137,183,227,268
399,390,387,392,403,417,432,444,449,445,433,415,393,368,343,321,306,299,302,311
392,384,367,345,324,304,289,281,280,285,293,303,312,320,326,332,338,344,351,358
415,413,405,393,379,363,346,330,313,298,286,276,269,264,261,260,261,263,266,270
403,396,389,383,378,374,371,368,365,362,360,357,355,352,350,347,345,343,341,338
398,390,385,385,387,393,402,413,425,436,446,454,459,460,458,452,443,431,416,400

